order_id,user_id,restaurant_id,created_at,total_value,city,zone
o_0,u_150,r_5,2025-10-21T03:25:06.193463,3775.06,city_b,zone_3
o_1,u_125,r_21,2026-02-06T02:54:53.193463,4977.94,city_a,zone_1
o_2,u_96,r_17,2025-11-13T13:43:00.193463,622.7,city_a,zone_3
o_3,u_103,r_19,2025-11-13T10:42:27.193463,3125.16,city_a,zone_3
o_4,u_13,r_24,2025-11-06T23:43:19.193463,213.28,city_a,zone_3
o_5,u_122,r_17,2025-09-23T02:51:56.193463,399.73,city_a,zone_3
o_6,u_147,r_3,2025-09-30T13:56:11.193463,4311.81,city_a,zone_2
o_7,u_132,r_22,2025-12-26T20:51:44.193463,3463.87,city_a,zone_3
o_8,u_149,r_5,2025-11-29T20:25:57.193463,1590.7,city_b,zone_3
o_9,u_170,r_20,2025-09-23T10:49:43.193463,1473.7,city_b,zone_1
o_10,u_41,r_20,2025-09-26T09:06:07.193463,4862.15,city_b,zone_1
o_11,u_50,r_26,2026-02-10T09:40:08.193463,3748.94,city_b,zone_1
o_12,u_181,r_17,2025-09-08T23:16:51.193463,754.78,city_a,zone_3
o_13,u_134,r_26,2025-09-14T21:49:38.193463,784.18,city_b,zone_1
o_14,u_186,r_2,2026-01-14T04:44:57.193463,1240.26,city_a,zone_1
o_15,u_191,r_13,2025-12-01T10:49:12.193463,329.42,city_a,zone_2
o_16,u_19,r_3,2026-02-09T11:45:34.193463,5562.09,city_a,zone_2
o_17,u_12,r_16,2026-02-21T11:28:52.193463,703.71,city_b,zone_3
o_18,u_7,r_24,2025-11-21T22:27:03.193463,1016.53,city_a,zone_3
o_19,u_136,r_27,2025-11-16T04:59:53.193463,3161.56,city_b,zone_3
o_20,u_165,r_29,2026-02-23T20:59:40.193463,908.2,city_b,zone_3
o_21,u_167,r_11,2025-10-21T01:31:32.193463,4083.17,city_a,zone_1
o_22,u_165,r_7,2026-01-17T12:45:21.193463,1330.96,city_a,zone_2
o_23,u_153,r_11,2025-09-06T19:17:57.193463,3070.77,city_a,zone_1
o_24,u_143,r_3,2025-10-01T14:48:57.193463,4166.87,city_a,zone_2
o_25,u_65,r_15,2025-09-29T10:20:20.193463,498.14,city_a,zone_3
o_26,u_197,r_7,2026-01-18T06:08:21.193463,1067.52,city_a,zone_2
o_27,u_169,r_21,2026-02-15T03:14:34.193463,3344.05,city_a,zone_1
o_28,u_78,r_17,2025-11-09T06:40:49.193463,515.85,city_a,zone_3
o_29,u_174,r_5,2025-10-13T15:37:39.193463,2048.73,city_b,zone_3
o_30,u_31,r_23,2026-01-20T19:47:55.193463,257.65,city_a,zone_1
o_31,u_57,r_17,2025-11-27T00:40:54.193463,1529.11,city_a,zone_3
o_32,u_187,r_10,2025-09-17T05:56:19.193463,427.98,city_b,zone_2
o_33,u_187,r_11,2025-11-03T19:45:23.193463,2170.15,city_a,zone_1
o_34,u_29,r_18,2026-01-23T01:43:32.193463,233.76,city_a,zone_2
o_35,u_194,r_6,2025-12-27T06:48:39.193463,1080.15,city_a,zone_2
o_36,u_66,r_26,2025-10-09T19:49:07.193463,4218.89,city_b,zone_1
o_37,u_6,r_24,2025-10-02T18:12:32.193463,321.52,city_a,zone_3
o_38,u_144,r_19,2025-11-24T23:12:58.193463,1563.78,city_a,zone_3
o_39,u_20,r_13,2025-10-11T16:58:48.193463,349.84,city_a,zone_2
o_40,u_14,r_29,2025-10-06T02:33:49.193463,2445.29,city_b,zone_3
o_41,u_10,r_11,2025-11-13T23:30:32.193463,2907.94,city_a,zone_1
o_42,u_98,r_28,2025-10-16T20:47:36.193463,1554.35,city_a,zone_2
o_43,u_83,r_1,2026-01-27T19:46:21.193463,2163.6,city_a,zone_3
o_44,u_0,r_19,2026-02-25T05:40:29.193463,3890.02,city_a,zone_3
o_45,u_116,r_15,2026-01-13T14:01:24.193463,862.33,city_a,zone_3
o_46,u_197,r_26,2025-12-19T03:11:13.193463,3272.62,city_b,zone_1
o_47,u_35,r_8,2025-10-01T23:48:42.193463,1234.57,city_a,zone_1
o_48,u_173,r_16,2026-02-18T09:09:20.193463,4818.22,city_b,zone_3
o_49,u_39,r_23,2025-09-30T20:49:48.193463,2039.51,city_a,zone_1
o_50,u_14,r_15,2025-11-07T12:59:53.193463,831.08,city_a,zone_3
o_51,u_134,r_6,2025-10-31T06:46:06.193463,1283.13,city_a,zone_2
o_52,u_142,r_21,2025-12-11T23:45:32.193463,1416.06,city_a,zone_1
o_53,u_96,r_3,2026-02-01T11:53:53.193463,2268.96,city_a,zone_2
o_54,u_192,r_20,2026-01-17T18:15:36.193463,1776.88,city_b,zone_1
o_55,u_118,r_2,2026-01-04T07:39:08.193463,131.46,city_a,zone_1
o_56,u_138,r_26,2025-11-14T06:14:56.193463,3408.35,city_b,zone_1
o_57,u_195,r_26,2025-10-28T06:56:51.193463,773.24,city_b,zone_1
o_58,u_114,r_11,2025-10-04T13:37:53.193463,2873.58,city_a,zone_1
o_59,u_108,r_24,2026-01-06T15:23:53.193463,311.12,city_a,zone_3
o_60,u_13,r_15,2026-01-19T08:02:22.193463,2038.42,city_a,zone_3
o_61,u_134,r_7,2025-12-11T06:15:17.193463,1341.56,city_a,zone_2
o_62,u_59,r_29,2025-10-09T12:14:58.193463,707.69,city_b,zone_3
o_63,u_4,r_3,2026-01-13T02:58:47.193463,1406.49,city_a,zone_2
o_64,u_44,r_21,2026-02-26T00:56:32.193463,3374.79,city_a,zone_1
o_65,u_40,r_2,2025-12-10T10:41:11.193463,652.35,city_a,zone_1
o_66,u_120,r_15,2026-01-24T19:21:37.193463,715.69,city_a,zone_3
o_67,u_175,r_4,2026-01-25T10:41:51.193463,769.74,city_a,zone_2
o_68,u_101,r_4,2026-02-15T05:22:20.193463,205.74,city_a,zone_2
o_69,u_127,r_8,2026-02-18T04:06:49.193463,4562.88,city_a,zone_1
o_70,u_130,r_5,2025-11-21T09:24:00.193463,4828.45,city_b,zone_3
o_71,u_187,r_2,2025-09-03T20:23:40.193463,852.55,city_a,zone_1
o_72,u_154,r_25,2026-01-03T22:41:38.193463,1236.36,city_b,zone_2
o_73,u_179,r_17,2025-09-05T16:01:55.193463,489.21,city_a,zone_3
o_74,u_107,r_2,2025-11-02T12:53:00.193463,435.04,city_a,zone_1
o_75,u_170,r_22,2025-09-15T14:41:15.193463,880.38,city_a,zone_3
o_76,u_41,r_14,2025-11-30T11:11:55.193463,6132.94,city_a,zone_2
o_77,u_146,r_0,2026-01-22T03:16:49.193463,852.18,city_a,zone_1
o_78,u_49,r_4,2025-11-13T02:52:04.193463,916.86,city_a,zone_2
o_79,u_34,r_12,2025-09-26T22:25:22.193463,929.54,city_b,zone_2
o_80,u_78,r_3,2025-11-23T06:17:51.193463,371.12,city_a,zone_2
o_81,u_23,r_12,2025-09-25T01:45:54.193463,255.14,city_b,zone_2
o_82,u_87,r_0,2025-12-30T04:34:55.193463,1834.55,city_a,zone_1
o_83,u_79,r_5,2025-10-30T06:51:51.193463,1971.53,city_b,zone_3
o_84,u_125,r_26,2025-11-06T03:09:09.193463,1041.69,city_b,zone_1
o_85,u_79,r_21,2026-02-12T02:53:31.193463,3121.83,city_a,zone_1
o_86,u_28,r_7,2025-12-02T02:07:02.193463,111.84,city_a,zone_2
o_87,u_114,r_0,2026-02-19T16:13:04.193463,878.26,city_a,zone_1
o_88,u_53,r_5,2026-02-05T14:08:11.193463,4555.32,city_b,zone_3
o_89,u_19,r_19,2026-02-20T12:25:14.193463,5269.57,city_a,zone_3
o_90,u_43,r_12,2026-01-06T22:16:18.193463,263.76,city_b,zone_2
o_91,u_171,r_13,2025-09-23T01:45:58.193463,2174.01,city_a,zone_2
o_92,u_31,r_19,2026-02-28T15:47:36.193463,3227.02,city_a,zone_3
o_93,u_139,r_16,2026-01-17T17:57:13.193463,3710.03,city_b,zone_3
o_94,u_163,r_0,2025-12-10T02:32:37.193463,3187.93,city_a,zone_1
o_95,u_188,r_7,2025-09-12T17:04:45.193463,1085.82,city_a,zone_2
o_96,u_167,r_17,2025-11-28T17:54:59.193463,444.49,city_a,zone_3
o_97,u_97,r_22,2025-09-09T21:25:01.193463,3798.35,city_a,zone_3
o_98,u_81,r_5,2025-11-06T09:31:57.193463,3898.68,city_b,zone_3
o_99,u_175,r_0,2025-12-18T06:51:04.193463,3345.35,city_a,zone_1
o_100,u_121,r_3,2025-10-09T08:26:37.193463,1421.42,city_a,zone_2
o_101,u_171,r_10,2025-11-30T16:25:00.193463,809.09,city_b,zone_2
o_102,u_195,r_23,2026-03-01T20:49:14.193463,2487.23,city_a,zone_1
o_103,u_147,r_21,2025-09-23T01:01:28.193463,4589.14,city_a,zone_1
o_104,u_101,r_10,2025-11-29T20:50:31.193463,1079.98,city_b,zone_2
o_105,u_63,r_16,2026-01-19T04:00:10.193463,4248.03,city_b,zone_3
o_106,u_20,r_11,2026-01-11T20:37:49.193463,5989.97,city_a,zone_1
o_107,u_147,r_3,2025-10-28T14:09:11.193463,5052.09,city_a,zone_2
o_108,u_159,r_18,2025-12-11T03:29:54.193463,3204.27,city_a,zone_2
o_109,u_135,r_12,2026-02-26T22:15:44.193463,1262.72,city_b,zone_2
o_110,u_191,r_3,2025-11-25T03:25:09.193463,2104.36,city_a,zone_2
o_111,u_149,r_4,2025-12-02T11:41:22.193463,1000.33,city_a,zone_2
o_112,u_60,r_28,2025-12-13T00:37:45.193463,761.29,city_a,zone_2
o_113,u_116,r_15,2025-12-17T09:21:54.193463,1051.19,city_a,zone_3
o_114,u_135,r_29,2026-01-27T02:03:28.193463,1800.06,city_b,zone_3
o_115,u_140,r_23,2026-02-27T18:58:57.193463,384.76,city_a,zone_1
o_116,u_196,r_7,2025-12-16T20:06:59.193463,1510.7,city_a,zone_2
o_117,u_57,r_7,2026-01-31T02:21:12.193463,827.06,city_a,zone_2
o_118,u_55,r_1,2025-09-07T13:07:29.193463,1384.08,city_a,zone_3
o_119,u_166,r_10,2025-12-23T13:56:47.193463,871.52,city_b,zone_2
o_120,u_140,r_2,2026-01-03T07:27:12.193463,1037.84,city_a,zone_1
o_121,u_3,r_8,2026-01-17T00:46:30.193463,1107.42,city_a,zone_1
o_122,u_85,r_14,2025-10-29T05:09:52.193463,6382.22,city_a,zone_2
o_123,u_45,r_9,2026-02-04T15:38:50.193463,1999.1,city_a,zone_3
o_124,u_121,r_12,2025-12-16T05:44:16.193463,1009.06,city_b,zone_2
o_125,u_84,r_28,2025-12-31T17:19:12.193463,1585.49,city_a,zone_2
o_126,u_73,r_1,2025-10-29T08:58:03.193463,2028.94,city_a,zone_3
o_127,u_75,r_10,2026-02-24T17:17:05.193463,1112.8,city_b,zone_2
o_128,u_165,r_11,2025-12-31T14:47:31.193463,5023.13,city_a,zone_1
o_129,u_46,r_27,2026-02-13T01:37:28.193463,1446.28,city_b,zone_3
o_130,u_60,r_29,2026-01-31T09:06:13.193463,1177.68,city_b,zone_3
o_131,u_60,r_21,2026-02-23T00:10:23.193463,2915.9,city_a,zone_1
o_132,u_130,r_25,2025-12-17T11:10:43.193463,1061.32,city_b,zone_2
o_133,u_43,r_3,2025-11-12T14:09:52.193463,3190.83,city_a,zone_2
o_134,u_130,r_16,2025-09-10T18:47:53.193463,1480.46,city_b,zone_3
o_135,u_191,r_1,2025-11-13T16:07:14.193463,505.99,city_a,zone_3
o_136,u_161,r_5,2025-12-03T03:16:06.193463,2988.03,city_b,zone_3
o_137,u_177,r_27,2026-01-07T20:46:32.193463,2342.9,city_b,zone_3
o_138,u_80,r_1,2025-12-06T11:22:02.193463,1224.79,city_a,zone_3
o_139,u_152,r_17,2025-10-02T02:35:56.193463,312.64,city_a,zone_3
o_140,u_109,r_0,2025-11-22T10:40:04.193463,2372.49,city_a,zone_1
o_141,u_38,r_25,2026-01-06T14:52:28.193463,581.69,city_b,zone_2
o_142,u_114,r_14,2025-09-13T18:59:48.193463,1754.93,city_a,zone_2
o_143,u_123,r_5,2026-02-20T12:34:35.193463,5860.95,city_b,zone_3
o_144,u_192,r_17,2025-10-05T12:04:04.193463,1316.52,city_a,zone_3
o_145,u_51,r_15,2025-12-29T12:18:50.193463,194.76,city_a,zone_3
o_146,u_0,r_5,2026-02-25T00:13:36.193463,2965.65,city_b,zone_3
o_147,u_141,r_3,2026-01-16T09:40:45.193463,4407.21,city_a,zone_2
o_148,u_86,r_9,2026-01-29T15:35:21.193463,635.71,city_a,zone_3
o_149,u_146,r_7,2025-10-09T15:19:47.193463,113.11,city_a,zone_2
o_150,u_128,r_28,2025-12-12T20:41:37.193463,1393.78,city_a,zone_2
o_151,u_89,r_17,2026-01-14T11:39:12.193463,648.8,city_a,zone_3
o_152,u_31,r_5,2025-10-23T16:11:16.193463,5296.33,city_b,zone_3
o_153,u_37,r_19,2025-10-22T05:07:03.193463,2265.92,city_a,zone_3
o_154,u_175,r_28,2026-02-01T23:58:54.193463,4587.17,city_a,zone_2
o_155,u_176,r_18,2026-03-01T17:15:24.193463,2026.6,city_a,zone_2
o_156,u_109,r_6,2025-12-31T03:42:54.193463,1471.68,city_a,zone_2
o_157,u_114,r_15,2026-01-11T19:36:33.193463,389.52,city_a,zone_3
o_158,u_112,r_21,2026-01-08T03:02:18.193463,661.78,city_a,zone_1
o_159,u_46,r_0,2025-10-26T12:23:13.193463,3966.39,city_a,zone_1
o_160,u_65,r_7,2026-01-21T22:28:46.193463,1144.07,city_a,zone_2
o_161,u_20,r_10,2025-11-20T23:48:46.193463,2077.28,city_b,zone_2
o_162,u_13,r_19,2026-01-30T10:44:06.193463,1335.88,city_a,zone_3
o_163,u_94,r_13,2025-12-05T12:34:18.193463,512.24,city_a,zone_2
o_164,u_161,r_21,2025-11-16T05:48:52.193463,4944.86,city_a,zone_1
o_165,u_71,r_2,2025-09-17T16:44:52.193463,1306.96,city_a,zone_1
o_166,u_192,r_8,2025-10-18T12:57:40.193463,3321.54,city_a,zone_1
o_167,u_90,r_5,2025-12-31T03:04:08.193463,799.69,city_b,zone_3
o_168,u_178,r_29,2025-11-14T00:19:45.193463,2010.89,city_b,zone_3
o_169,u_25,r_16,2025-12-14T00:31:58.193463,3172.38,city_b,zone_3
o_170,u_174,r_25,2025-11-03T05:28:10.193463,1028.3,city_b,zone_2
o_171,u_106,r_16,2025-12-03T11:03:23.193463,4401.77,city_b,zone_3
o_172,u_59,r_23,2025-10-27T05:35:46.193463,763.46,city_a,zone_1
o_173,u_154,r_9,2025-10-11T00:08:55.193463,638.09,city_a,zone_3
o_174,u_104,r_7,2025-11-23T18:51:24.193463,939.99,city_a,zone_2
o_175,u_174,r_10,2026-01-15T00:35:33.193463,705.47,city_b,zone_2
o_176,u_78,r_2,2026-02-12T20:19:10.193463,1934.53,city_a,zone_1
o_177,u_33,r_26,2026-02-18T08:39:31.193463,6326.0,city_b,zone_1
o_178,u_64,r_27,2026-02-18T12:48:07.193463,1359.78,city_b,zone_3
o_179,u_153,r_6,2025-09-18T07:06:58.193463,298.87,city_a,zone_2
o_180,u_45,r_26,2026-01-07T17:41:22.193463,2828.24,city_b,zone_1
o_181,u_180,r_27,2025-11-22T07:45:24.193463,510.31,city_b,zone_3
o_182,u_12,r_3,2026-01-09T11:40:36.193463,1307.6,city_a,zone_2
o_183,u_43,r_5,2025-09-15T07:43:19.193463,2689.61,city_b,zone_3
o_184,u_86,r_26,2026-01-08T02:10:10.193463,3381.84,city_b,zone_1
o_185,u_156,r_27,2025-09-08T11:34:47.193463,487.58,city_b,zone_3
o_186,u_108,r_0,2026-02-17T18:05:01.193463,3408.44,city_a,zone_1
o_187,u_37,r_22,2026-02-26T10:19:01.193463,2484.17,city_a,zone_3
o_188,u_31,r_18,2025-11-21T23:26:13.193463,1236.97,city_a,zone_2
o_189,u_30,r_26,2025-10-28T14:50:13.193463,3705.24,city_b,zone_1
o_190,u_60,r_26,2026-02-04T15:37:59.193463,1095.32,city_b,zone_1
o_191,u_44,r_12,2025-11-21T21:15:22.193463,1350.87,city_b,zone_2
o_192,u_193,r_6,2026-01-02T08:38:40.193463,498.86,city_a,zone_2
o_193,u_64,r_1,2025-10-09T10:34:28.193463,343.66,city_a,zone_3
o_194,u_56,r_5,2025-10-29T04:02:23.193463,827.48,city_b,zone_3
o_195,u_103,r_2,2025-10-25T18:39:54.193463,1159.44,city_a,zone_1
o_196,u_137,r_23,2026-01-19T19:28:57.193463,1190.51,city_a,zone_1
o_197,u_180,r_11,2025-11-23T12:54:09.193463,2972.04,city_a,zone_1
o_198,u_176,r_16,2026-02-13T17:38:19.193463,1666.11,city_b,zone_3
o_199,u_136,r_4,2025-12-17T09:53:09.193463,879.54,city_a,zone_2
o_200,u_49,r_19,2026-01-30T16:35:54.193463,2858.14,city_a,zone_3
o_201,u_57,r_22,2026-01-13T06:10:45.193463,2715.3,city_a,zone_3
o_202,u_132,r_25,2026-01-04T22:08:49.193463,636.6,city_b,zone_2
o_203,u_79,r_3,2026-01-03T19:59:51.193463,3325.31,city_a,zone_2
o_204,u_76,r_8,2025-09-11T02:07:52.193463,3598.75,city_a,zone_1
o_205,u_73,r_20,2025-09-14T13:00:01.193463,1798.21,city_b,zone_1
o_206,u_189,r_14,2025-12-20T08:31:46.193463,5366.62,city_a,zone_2
o_207,u_96,r_25,2025-12-17T07:45:07.193463,1361.48,city_b,zone_2
o_208,u_38,r_22,2026-02-09T01:11:43.193463,2111.26,city_a,zone_3
o_209,u_75,r_9,2026-01-01T06:36:02.193463,889.22,city_a,zone_3
o_210,u_91,r_3,2026-01-29T15:00:27.193463,4312.09,city_a,zone_2
o_211,u_180,r_14,2025-10-07T14:56:42.193463,412.74,city_a,zone_2
o_212,u_56,r_8,2025-12-06T04:25:03.193463,995.85,city_a,zone_1
o_213,u_162,r_22,2025-12-14T00:55:59.193463,3824.25,city_a,zone_3
o_214,u_168,r_0,2026-02-05T11:27:05.193463,5640.15,city_a,zone_1
o_215,u_119,r_27,2025-09-22T14:10:16.193463,1678.59,city_b,zone_3
o_216,u_117,r_6,2025-10-05T07:48:56.193463,482.64,city_a,zone_2
o_217,u_104,r_1,2025-11-10T08:22:38.193463,1835.88,city_a,zone_3
o_218,u_63,r_22,2025-12-21T06:52:21.193463,5459.53,city_a,zone_3
o_219,u_52,r_28,2025-12-27T14:53:02.193463,761.29,city_a,zone_2
o_220,u_0,r_13,2025-09-04T05:02:27.193463,1128.57,city_a,zone_2
o_221,u_185,r_14,2025-09-21T05:50:16.193463,824.24,city_a,zone_2
o_222,u_14,r_27,2025-10-03T05:56:23.193463,1329.84,city_b,zone_3
o_223,u_160,r_19,2025-10-22T16:36:39.193463,1530.18,city_a,zone_3
o_224,u_112,r_23,2025-10-06T12:12:43.193463,1723.37,city_a,zone_1
o_225,u_137,r_15,2026-02-20T18:33:29.193463,729.43,city_a,zone_3
o_226,u_29,r_19,2025-11-03T22:33:03.193463,3062.56,city_a,zone_3
o_227,u_89,r_23,2025-10-29T04:54:53.193463,1475.01,city_a,zone_1
o_228,u_189,r_9,2025-09-19T10:55:29.193463,1448.29,city_a,zone_3
o_229,u_56,r_5,2025-12-20T21:39:31.193463,4336.1,city_b,zone_3
o_230,u_67,r_20,2025-11-12T20:41:55.193463,2529.85,city_b,zone_1
o_231,u_62,r_18,2025-11-09T20:13:28.193463,2334.88,city_a,zone_2
o_232,u_140,r_5,2026-01-24T13:07:41.193463,680.18,city_b,zone_3
o_233,u_120,r_22,2026-02-18T15:06:26.193463,2356.44,city_a,zone_3
o_234,u_134,r_2,2025-09-07T08:26:31.193463,426.15,city_a,zone_1
o_235,u_64,r_27,2026-01-15T21:41:39.193463,2312.42,city_b,zone_3
o_236,u_10,r_15,2025-09-15T20:47:46.193463,958.94,city_a,zone_3
o_237,u_116,r_0,2025-12-10T16:23:51.193463,3682.45,city_a,zone_1
o_238,u_117,r_4,2025-12-07T01:40:50.193463,652.93,city_a,zone_2
o_239,u_134,r_24,2026-02-07T14:07:22.193463,321.52,city_a,zone_3
o_240,u_65,r_27,2026-02-22T20:00:09.193463,596.84,city_b,zone_3
o_241,u_42,r_20,2025-10-02T09:26:21.193463,2362.1,city_b,zone_1
o_242,u_186,r_17,2025-10-19T14:35:26.193463,1385.81,city_a,zone_3
o_243,u_43,r_9,2025-11-01T22:27:53.193463,2185.86,city_a,zone_3
o_244,u_31,r_21,2026-02-20T20:08:23.193463,4042.74,city_a,zone_1
o_245,u_35,r_8,2025-10-08T19:24:32.193463,1556.62,city_a,zone_1
o_246,u_35,r_21,2025-12-27T17:40:13.193463,1251.62,city_a,zone_1
o_247,u_186,r_3,2026-01-14T13:23:55.193463,3240.15,city_a,zone_2
o_248,u_55,r_11,2025-10-04T17:43:40.193463,1350.57,city_a,zone_1
o_249,u_80,r_5,2026-03-01T15:16:05.193463,2352.73,city_b,zone_3
o_250,u_119,r_13,2025-11-27T05:38:43.193463,2700.96,city_a,zone_2
o_251,u_106,r_17,2025-12-30T16:14:50.193463,1303.33,city_a,zone_3
o_252,u_26,r_15,2025-11-27T06:53:51.193463,941.76,city_a,zone_3
o_253,u_175,r_21,2025-12-01T22:51:45.193463,4888.31,city_a,zone_1
o_254,u_9,r_19,2025-12-26T13:29:51.193463,3943.74,city_a,zone_3
o_255,u_113,r_11,2025-12-13T15:35:37.193463,5158.7,city_a,zone_1
o_256,u_39,r_10,2025-11-23T09:49:13.193463,2062.92,city_b,zone_2
o_257,u_83,r_5,2025-10-12T07:47:07.193463,1498.9,city_b,zone_3
o_258,u_127,r_17,2025-11-30T23:51:27.193463,932.13,city_a,zone_3
o_259,u_82,r_25,2025-11-27T17:42:59.193463,179.76,city_b,zone_2
o_260,u_6,r_20,2026-02-21T05:37:41.193463,3290.44,city_b,zone_1
o_261,u_85,r_21,2026-01-10T10:51:26.193463,4529.22,city_a,zone_1
o_262,u_62,r_11,2025-11-30T08:27:22.193463,5666.09,city_a,zone_1
o_263,u_82,r_28,2025-09-29T01:27:24.193463,1029.38,city_a,zone_2
o_264,u_174,r_11,2025-12-14T06:40:18.193463,1957.48,city_a,zone_1
o_265,u_71,r_11,2025-12-30T03:50:58.193463,2652.96,city_a,zone_1
o_266,u_52,r_22,2026-02-06T19:53:22.193463,1474.95,city_a,zone_3
o_267,u_120,r_26,2025-09-25T21:18:47.193463,717.38,city_b,zone_1
o_268,u_101,r_3,2026-01-24T03:16:47.193463,1777.7,city_a,zone_2
o_269,u_48,r_17,2025-11-09T19:54:55.193463,756.43,city_a,zone_3
o_270,u_138,r_27,2025-09-25T00:56:44.193463,2889.68,city_b,zone_3
o_271,u_87,r_4,2025-12-05T10:21:35.193463,493.52,city_a,zone_2
o_272,u_176,r_7,2026-01-25T03:07:24.193463,247.04,city_a,zone_2
o_273,u_107,r_28,2025-12-19T17:44:28.193463,3220.35,city_a,zone_2
o_274,u_77,r_2,2026-01-02T14:10:48.193463,1243.0,city_a,zone_1
o_275,u_168,r_16,2025-12-08T10:52:10.193463,1823.72,city_b,zone_3
o_276,u_102,r_22,2025-12-13T21:34:24.193463,2000.27,city_a,zone_3
o_277,u_161,r_7,2025-11-28T02:33:54.193463,869.9,city_a,zone_2
o_278,u_32,r_7,2026-02-09T13:52:16.193463,976.06,city_a,zone_2
o_279,u_67,r_25,2025-11-06T15:40:15.193463,804.82,city_b,zone_2
o_280,u_192,r_9,2025-10-10T07:45:20.193463,1167.14,city_a,zone_3
o_281,u_9,r_9,2025-10-03T12:24:45.193463,954.17,city_a,zone_3
o_282,u_191,r_4,2025-10-25T13:37:20.193463,500.22,city_a,zone_2
o_283,u_50,r_8,2025-11-02T09:33:09.193463,4494.54,city_a,zone_1
o_284,u_144,r_29,2025-09-19T15:46:27.193463,1606.64,city_b,zone_3
o_285,u_118,r_19,2026-03-01T02:54:47.193463,2713.62,city_a,zone_3
o_286,u_22,r_11,2025-10-17T22:12:04.193463,2030.54,city_a,zone_1
o_287,u_149,r_2,2025-10-08T12:54:55.193463,1570.25,city_a,zone_1
o_288,u_23,r_23,2025-10-27T17:50:33.193463,867.56,city_a,zone_1
o_289,u_57,r_2,2026-02-03T19:25:26.193463,823.06,city_a,zone_1
o_290,u_66,r_3,2025-12-05T14:27:24.193463,2536.57,city_a,zone_2
o_291,u_131,r_24,2026-01-09T14:25:29.193463,1193.18,city_a,zone_3
o_292,u_74,r_17,2026-01-14T01:07:48.193463,1382.69,city_a,zone_3
o_293,u_73,r_14,2025-11-29T21:26:30.193463,4228.99,city_a,zone_2
o_294,u_37,r_6,2025-09-20T06:32:15.193463,971.52,city_a,zone_2
o_295,u_65,r_7,2026-02-17T04:08:02.193463,535.29,city_a,zone_2
o_296,u_196,r_16,2025-11-20T18:40:38.193463,2894.53,city_b,zone_3
o_297,u_150,r_17,2026-02-13T00:56:16.193463,657.73,city_a,zone_3
o_298,u_177,r_20,2026-01-21T00:06:45.193463,2263.04,city_b,zone_1
o_299,u_58,r_19,2025-11-30T04:03:33.193463,4595.4,city_a,zone_3
o_300,u_152,r_10,2026-01-19T05:11:39.193463,2659.72,city_b,zone_2
o_301,u_83,r_16,2025-09-30T12:36:13.193463,4242.5,city_b,zone_3
o_302,u_21,r_14,2025-11-30T02:23:00.193463,4831.84,city_a,zone_2
o_303,u_38,r_8,2025-09-14T20:39:20.193463,5345.83,city_a,zone_1
o_304,u_98,r_13,2025-09-28T16:06:12.193463,1855.23,city_a,zone_2
o_305,u_60,r_27,2025-10-23T15:57:12.193463,1764.23,city_b,zone_3
o_306,u_26,r_0,2026-01-09T05:21:38.193463,2505.76,city_a,zone_1
o_307,u_51,r_20,2025-12-02T00:53:39.193463,3179.01,city_b,zone_1
o_308,u_193,r_0,2025-10-01T02:52:31.193463,5264.06,city_a,zone_1
o_309,u_126,r_24,2025-12-30T11:29:49.193463,1376.53,city_a,zone_3
o_310,u_97,r_1,2025-11-02T18:22:16.193463,1881.53,city_a,zone_3
o_311,u_64,r_0,2026-01-21T18:20:27.193463,1824.07,city_a,zone_1
o_312,u_188,r_22,2025-12-27T07:18:52.193463,4103.4,city_a,zone_3
o_313,u_64,r_4,2026-01-09T04:28:40.193463,367.66,city_a,zone_2
o_314,u_13,r_5,2026-01-30T07:54:05.193463,3493.11,city_b,zone_3
o_315,u_162,r_6,2025-11-06T12:42:41.193463,271.42,city_a,zone_2
o_316,u_19,r_17,2025-10-07T11:38:22.193463,802.93,city_a,zone_3
o_317,u_159,r_25,2025-12-16T21:57:23.193463,907.81,city_b,zone_2
o_318,u_27,r_18,2025-12-22T21:05:12.193463,2530.37,city_a,zone_2
o_319,u_106,r_10,2025-12-23T12:26:44.193463,589.74,city_b,zone_2
o_320,u_108,r_28,2025-11-26T14:36:14.193463,2228.64,city_a,zone_2
o_321,u_78,r_12,2026-01-13T08:00:46.193463,481.77,city_b,zone_2
o_322,u_74,r_18,2026-02-13T06:37:06.193463,1375.87,city_a,zone_2
o_323,u_8,r_5,2026-02-24T00:14:15.193463,1097.66,city_b,zone_3
o_324,u_95,r_27,2025-09-19T09:54:57.193463,2013.35,city_b,zone_3
o_325,u_44,r_24,2025-12-15T14:46:08.193463,730.92,city_a,zone_3
o_326,u_183,r_9,2025-10-14T00:55:11.193463,1576.59,city_a,zone_3
o_327,u_106,r_0,2025-09-05T17:22:29.193463,1276.71,city_a,zone_1
o_328,u_110,r_4,2025-12-30T14:56:49.193463,281.01,city_a,zone_2
o_329,u_42,r_28,2025-12-27T11:13:25.193463,4090.0,city_a,zone_2
o_330,u_101,r_21,2026-02-12T08:27:38.193463,1155.32,city_a,zone_1
o_331,u_134,r_24,2025-09-26T09:08:34.193463,580.68,city_a,zone_3
o_332,u_192,r_18,2025-10-20T05:53:39.193463,1905.2,city_a,zone_2
o_333,u_160,r_25,2025-10-07T18:33:09.193463,371.94,city_b,zone_2
o_334,u_18,r_10,2026-01-15T14:23:19.193463,1387.11,city_b,zone_2
o_335,u_92,r_27,2025-12-30T11:44:28.193463,2287.79,city_b,zone_3
o_336,u_164,r_28,2026-01-01T02:48:31.193463,1818.04,city_a,zone_2
o_337,u_164,r_3,2025-09-24T19:33:02.193463,2337.04,city_a,zone_2
o_338,u_151,r_17,2026-01-11T01:31:08.193463,112.59,city_a,zone_3
o_339,u_2,r_20,2025-10-28T06:55:30.193463,2041.78,city_b,zone_1
o_340,u_24,r_0,2025-09-11T08:18:07.193463,717.46,city_a,zone_1
o_341,u_125,r_28,2025-10-03T14:58:26.193463,828.94,city_a,zone_2
o_342,u_98,r_11,2025-09-16T16:39:26.193463,1342.92,city_a,zone_1
o_343,u_90,r_29,2026-01-26T00:06:16.193463,1861.4,city_b,zone_3
o_344,u_125,r_6,2025-12-03T09:24:06.193463,793.38,city_a,zone_2
o_345,u_12,r_14,2025-11-30T19:39:07.193463,4125.75,city_a,zone_2
o_346,u_189,r_6,2025-11-30T23:33:38.193463,839.17,city_a,zone_2
o_347,u_54,r_4,2025-11-21T21:04:16.193463,1352.99,city_a,zone_2
o_348,u_100,r_19,2025-11-26T06:10:25.193463,2263.47,city_a,zone_3
o_349,u_15,r_19,2025-12-04T23:59:06.193463,4072.73,city_a,zone_3
o_350,u_186,r_7,2026-01-06T16:39:00.193463,178.9,city_a,zone_2
o_351,u_131,r_0,2026-01-10T20:21:35.193463,2365.66,city_a,zone_1
o_352,u_146,r_8,2026-02-19T16:29:27.193463,5311.27,city_a,zone_1
o_353,u_69,r_29,2026-01-16T11:36:00.193463,1645.35,city_b,zone_3
o_354,u_97,r_20,2026-01-01T03:47:56.193463,1177.48,city_b,zone_1
o_355,u_93,r_23,2025-10-06T23:14:00.193463,2175.37,city_a,zone_1
o_356,u_142,r_8,2025-12-09T17:12:56.193463,5667.31,city_a,zone_1
o_357,u_84,r_15,2026-01-01T12:16:14.193463,594.6,city_a,zone_3
o_358,u_34,r_15,2026-02-24T07:09:32.193463,315.26,city_a,zone_3
o_359,u_175,r_11,2025-10-26T12:24:51.193463,612.37,city_a,zone_1
o_360,u_35,r_8,2025-10-02T03:47:59.193463,1606.79,city_a,zone_1
o_361,u_194,r_0,2025-12-03T22:59:06.193463,2688.86,city_a,zone_1
o_362,u_26,r_22,2025-09-07T05:07:34.193463,1549.52,city_a,zone_3
o_363,u_50,r_1,2025-12-06T08:02:37.193463,2645.49,city_a,zone_3
o_364,u_44,r_12,2025-10-28T21:17:13.193463,173.14,city_b,zone_2
o_365,u_81,r_19,2025-10-28T03:44:39.193463,2543.27,city_a,zone_3
o_366,u_4,r_8,2025-09-25T15:18:08.193463,972.64,city_a,zone_1
o_367,u_162,r_25,2025-11-27T13:07:04.193463,653.31,city_b,zone_2
o_368,u_138,r_2,2025-10-01T15:53:53.193463,611.94,city_a,zone_1
o_369,u_109,r_29,2025-12-08T21:52:46.193463,725.66,city_b,zone_3
o_370,u_142,r_21,2026-01-24T08:03:50.193463,5455.72,city_a,zone_1
o_371,u_20,r_20,2025-09-30T00:11:15.193463,4566.31,city_b,zone_1
o_372,u_103,r_6,2026-02-01T15:28:20.193463,439.05,city_a,zone_2
o_373,u_127,r_8,2025-10-10T16:37:51.193463,4168.48,city_a,zone_1
o_374,u_90,r_0,2025-11-14T07:56:49.193463,1054.7,city_a,zone_1
o_375,u_185,r_3,2025-11-10T03:51:40.193463,2442.25,city_a,zone_2
o_376,u_24,r_22,2025-10-28T23:33:36.193463,2130.38,city_a,zone_3
o_377,u_56,r_6,2025-09-30T19:50:08.193463,472.08,city_a,zone_2
o_378,u_33,r_5,2025-12-26T15:11:28.193463,3397.04,city_b,zone_3
o_379,u_26,r_27,2025-10-11T15:02:08.193463,1416.2,city_b,zone_3
o_380,u_19,r_14,2026-02-09T16:57:01.193463,2710.0,city_a,zone_2
o_381,u_180,r_1,2025-10-02T20:13:54.193463,1650.3,city_a,zone_3
o_382,u_26,r_1,2025-12-07T10:47:07.193463,2161.71,city_a,zone_3
o_383,u_4,r_3,2025-11-14T09:40:35.193463,3143.09,city_a,zone_2
o_384,u_152,r_20,2025-09-13T04:54:19.193463,2120.58,city_b,zone_1
o_385,u_137,r_17,2025-12-14T18:36:01.193463,1039.56,city_a,zone_3
o_386,u_199,r_0,2026-02-09T19:21:11.193463,933.87,city_a,zone_1
o_387,u_154,r_9,2026-02-01T03:56:08.193463,1624.92,city_a,zone_3
o_388,u_123,r_19,2026-02-04T07:53:38.193463,3573.41,city_a,zone_3
o_389,u_84,r_13,2026-01-15T02:57:27.193463,1390.88,city_a,zone_2
o_390,u_3,r_8,2026-01-25T11:51:50.193463,342.68,city_a,zone_1
o_391,u_182,r_8,2026-02-16T07:28:34.193463,3605.06,city_a,zone_1
o_392,u_87,r_15,2026-01-27T23:51:37.193463,605.91,city_a,zone_3
o_393,u_22,r_14,2025-09-11T08:08:04.193463,735.72,city_a,zone_2
o_394,u_35,r_17,2026-01-27T10:53:13.193463,108.71,city_a,zone_3
o_395,u_124,r_25,2025-12-26T00:51:24.193463,455.53,city_b,zone_2
o_396,u_135,r_23,2025-10-01T04:46:21.193463,1831.86,city_a,zone_1
o_397,u_17,r_26,2026-02-25T00:28:10.193463,4239.98,city_b,zone_1
o_398,u_16,r_8,2025-11-15T15:33:44.193463,2547.65,city_a,zone_1
o_399,u_146,r_17,2025-12-12T20:32:02.193463,582.48,city_a,zone_3
o_400,u_10,r_12,2025-09-18T21:43:52.193463,694.09,city_b,zone_2
o_401,u_136,r_22,2026-01-14T08:17:49.193463,3991.12,city_a,zone_3
o_402,u_183,r_20,2025-10-07T18:00:50.193463,1260.2,city_b,zone_1
o_403,u_122,r_15,2025-11-18T21:38:42.193463,663.54,city_a,zone_3
o_404,u_40,r_29,2025-11-12T13:26:22.193463,795.89,city_b,zone_3
o_405,u_117,r_5,2025-10-18T03:40:45.193463,5054.14,city_b,zone_3
o_406,u_75,r_2,2025-12-11T05:47:32.193463,590.27,city_a,zone_1
o_407,u_19,r_14,2025-12-08T11:53:30.193463,1166.59,city_a,zone_2
o_408,u_67,r_10,2026-02-11T03:57:52.193463,725.78,city_b,zone_2
o_409,u_117,r_28,2025-10-07T17:04:28.193463,3077.34,city_a,zone_2
o_410,u_194,r_26,2025-10-29T22:31:49.193463,5961.54,city_b,zone_1
o_411,u_155,r_22,2025-11-27T20:53:21.193463,2860.78,city_a,zone_3
o_412,u_124,r_15,2025-11-02T14:35:44.193463,1699.99,city_a,zone_3
o_413,u_144,r_22,2025-12-31T17:34:31.193463,4956.67,city_a,zone_3
o_414,u_90,r_22,2025-09-21T20:06:43.193463,4060.68,city_a,zone_3
o_415,u_77,r_18,2026-01-06T18:42:46.193463,1251.41,city_a,zone_2
o_416,u_76,r_9,2025-09-06T18:17:33.193463,2027.02,city_a,zone_3
o_417,u_125,r_3,2025-11-15T06:48:46.193463,4208.34,city_a,zone_2
o_418,u_132,r_3,2025-12-31T07:44:01.193463,2769.32,city_a,zone_2
o_419,u_7,r_16,2025-10-28T17:36:07.193463,2583.05,city_b,zone_3
o_420,u_130,r_26,2025-12-26T20:43:02.193463,2215.41,city_b,zone_1
o_421,u_199,r_10,2026-02-04T10:26:02.193463,687.24,city_b,zone_2
o_422,u_32,r_23,2025-11-25T23:56:13.193463,2858.97,city_a,zone_1
o_423,u_93,r_15,2025-10-24T23:06:00.193463,1486.71,city_a,zone_3
o_424,u_78,r_29,2026-02-16T23:11:06.193463,188.84,city_b,zone_3
o_425,u_188,r_9,2025-10-24T18:26:03.193463,764.68,city_a,zone_3
o_426,u_32,r_4,2025-10-02T01:18:10.193463,228.55,city_a,zone_2
o_427,u_189,r_11,2025-12-06T04:28:25.193463,2732.14,city_a,zone_1
o_428,u_75,r_29,2026-01-08T20:03:21.193463,1504.16,city_b,zone_3
o_429,u_121,r_16,2026-02-24T01:41:39.193463,1865.16,city_b,zone_3
o_430,u_182,r_27,2025-12-13T06:55:35.193463,2831.31,city_b,zone_3
o_431,u_119,r_1,2025-09-23T16:13:02.193463,849.79,city_a,zone_3
o_432,u_82,r_23,2025-10-22T07:34:46.193463,2236.62,city_a,zone_1
o_433,u_47,r_28,2025-11-12T10:07:17.193463,2761.5,city_a,zone_2
o_434,u_9,r_29,2025-11-01T23:43:25.193463,2803.74,city_b,zone_3
o_435,u_83,r_18,2025-10-13T18:54:00.193463,1250.0,city_a,zone_2
o_436,u_23,r_7,2025-10-26T03:31:50.193463,313.48,city_a,zone_2
o_437,u_82,r_26,2026-01-24T00:49:35.193463,3579.52,city_b,zone_1
o_438,u_122,r_24,2025-12-28T20:29:30.193463,1223.94,city_a,zone_3
o_439,u_61,r_1,2025-12-23T17:53:38.193463,288.95,city_a,zone_3
o_440,u_141,r_7,2025-10-21T09:39:53.193463,1322.55,city_a,zone_2
o_441,u_48,r_9,2025-10-11T12:16:05.193463,360.0,city_a,zone_3
o_442,u_186,r_11,2025-10-08T06:05:36.193463,2175.75,city_a,zone_1
o_443,u_172,r_8,2025-10-23T18:25:33.193463,4080.52,city_a,zone_1
o_444,u_153,r_5,2026-01-31T02:32:37.193463,3298.45,city_b,zone_3
o_445,u_111,r_13,2025-11-16T03:01:10.193463,703.5,city_a,zone_2
o_446,u_56,r_0,2026-01-22T01:07:59.193463,3665.81,city_a,zone_1
o_447,u_3,r_1,2025-12-25T02:57:11.193463,2144.92,city_a,zone_3
o_448,u_183,r_29,2025-09-21T10:27:44.193463,1696.6,city_b,zone_3
o_449,u_107,r_17,2025-10-31T16:12:52.193463,623.42,city_a,zone_3
o_450,u_32,r_23,2026-02-20T09:43:24.193463,1215.79,city_a,zone_1
o_451,u_198,r_15,2025-09-11T12:14:19.193463,611.42,city_a,zone_3
o_452,u_134,r_4,2025-10-27T20:57:23.193463,676.32,city_a,zone_2
o_453,u_121,r_1,2026-01-29T05:24:48.193463,752.99,city_a,zone_3
o_454,u_153,r_5,2025-09-13T12:43:46.193463,1187.06,city_b,zone_3
o_455,u_191,r_28,2025-10-04T16:38:57.193463,5460.39,city_a,zone_2
o_456,u_90,r_5,2025-09-26T22:41:54.193463,2994.73,city_b,zone_3
o_457,u_23,r_22,2025-12-21T07:21:04.193463,4298.48,city_a,zone_3
o_458,u_72,r_13,2025-11-18T11:23:32.193463,1034.51,city_a,zone_2
o_459,u_177,r_5,2026-02-11T05:46:01.193463,5840.96,city_b,zone_3
o_460,u_58,r_18,2025-11-04T16:30:48.193463,322.57,city_a,zone_2
o_461,u_126,r_24,2025-09-20T21:44:49.193463,692.72,city_a,zone_3
o_462,u_187,r_6,2025-11-17T08:58:58.193463,887.71,city_a,zone_2
o_463,u_185,r_27,2025-11-11T15:41:44.193463,3070.82,city_b,zone_3
o_464,u_23,r_23,2025-12-31T03:15:33.193463,1265.0,city_a,zone_1
o_465,u_97,r_24,2025-12-11T14:46:21.193463,520.34,city_a,zone_3
o_466,u_31,r_12,2025-12-02T20:29:15.193463,796.19,city_b,zone_2
o_467,u_53,r_14,2025-10-30T07:28:20.193463,3279.8,city_a,zone_2
o_468,u_123,r_24,2025-10-22T10:09:45.193463,839.34,city_a,zone_3
o_469,u_196,r_17,2026-02-20T04:24:14.193463,1914.62,city_a,zone_3
o_470,u_39,r_15,2025-11-26T04:04:39.193463,890.03,city_a,zone_3
o_471,u_138,r_21,2025-10-31T17:34:41.193463,4908.29,city_a,zone_1
o_472,u_79,r_14,2026-01-16T02:10:27.193463,1162.08,city_a,zone_2
o_473,u_158,r_6,2026-01-07T02:26:06.193463,305.46,city_a,zone_2
o_474,u_130,r_29,2026-01-30T09:35:18.193463,1923.36,city_b,zone_3
o_475,u_1,r_12,2025-12-06T02:54:36.193463,787.02,city_b,zone_2
o_476,u_123,r_9,2025-09-04T11:07:29.193463,327.4,city_a,zone_3
o_477,u_155,r_25,2026-02-14T17:15:59.193463,964.15,city_b,zone_2
o_478,u_81,r_18,2025-12-14T12:31:32.193463,539.1,city_a,zone_2
o_479,u_73,r_8,2025-12-19T08:47:11.193463,1340.96,city_a,zone_1
o_480,u_173,r_25,2026-02-22T14:07:24.193463,866.56,city_b,zone_2
o_481,u_107,r_15,2026-01-21T22:48:28.193463,659.26,city_a,zone_3
o_482,u_130,r_18,2025-12-10T12:10:58.193463,988.3,city_a,zone_2
o_483,u_54,r_28,2026-01-21T07:49:44.193463,5867.0,city_a,zone_2
o_484,u_92,r_24,2025-10-03T06:54:16.193463,1265.28,city_a,zone_3
o_485,u_24,r_15,2026-02-20T23:44:53.193463,663.05,city_a,zone_3
o_486,u_43,r_8,2025-11-25T13:15:53.193463,456.26,city_a,zone_1
o_487,u_84,r_24,2025-12-21T01:27:05.193463,457.92,city_a,zone_3
o_488,u_4,r_4,2026-01-30T07:58:13.193463,239.78,city_a,zone_2
o_489,u_196,r_18,2026-02-15T15:35:53.193463,2374.44,city_a,zone_2
o_490,u_126,r_1,2026-02-26T19:55:46.193463,1175.1,city_a,zone_3
o_491,u_143,r_16,2026-01-06T14:05:59.193463,1495.17,city_b,zone_3
o_492,u_111,r_23,2026-01-30T07:14:59.193463,304.17,city_a,zone_1
o_493,u_172,r_20,2025-11-08T05:05:41.193463,2045.09,city_b,zone_1
o_494,u_25,r_21,2026-01-03T03:49:58.193463,4508.9,city_a,zone_1
o_495,u_179,r_27,2025-10-01T04:54:00.193463,243.79,city_b,zone_3
o_496,u_192,r_26,2025-11-07T15:02:14.193463,2287.68,city_b,zone_1
o_497,u_124,r_16,2026-01-09T03:04:19.193463,4454.3,city_b,zone_3
o_498,u_126,r_7,2025-11-28T13:49:11.193463,1297.64,city_a,zone_2
o_499,u_176,r_19,2025-10-14T10:30:11.193463,1357.36,city_a,zone_3
o_500,u_4,r_11,2026-01-27T22:31:10.193463,4651.28,city_a,zone_1
o_501,u_79,r_14,2025-09-26T23:26:18.193463,364.89,city_a,zone_2
o_502,u_25,r_1,2025-10-30T19:01:38.193463,2127.07,city_a,zone_3
o_503,u_65,r_16,2025-12-12T20:15:00.193463,5042.53,city_b,zone_3
o_504,u_69,r_9,2025-09-15T00:16:17.193463,1715.2,city_a,zone_3
o_505,u_139,r_29,2026-02-19T06:18:41.193463,1559.5,city_b,zone_3
o_506,u_142,r_16,2025-09-30T23:07:48.193463,3176.25,city_b,zone_3
o_507,u_61,r_2,2025-12-20T11:40:52.193463,436.16,city_a,zone_1
o_508,u_187,r_7,2025-09-10T18:09:23.193463,1371.71,city_a,zone_2
o_509,u_195,r_17,2025-09-30T12:50:51.193463,1100.01,city_a,zone_3
o_510,u_101,r_4,2025-09-16T01:18:05.193463,192.76,city_a,zone_2
o_511,u_97,r_14,2025-12-23T05:04:37.193463,4206.82,city_a,zone_2
o_512,u_183,r_26,2025-12-09T22:47:53.193463,5627.39,city_b,zone_1
o_513,u_157,r_11,2026-01-11T02:55:22.193463,3208.5,city_a,zone_1
o_514,u_66,r_23,2026-01-01T01:47:52.193463,1835.28,city_a,zone_1
o_515,u_26,r_28,2026-02-11T01:03:58.193463,5801.33,city_a,zone_2
o_516,u_143,r_16,2026-02-16T20:40:48.193463,3770.13,city_b,zone_3
o_517,u_128,r_4,2025-10-22T13:23:54.193463,175.09,city_a,zone_2
o_518,u_66,r_6,2025-11-21T00:28:25.193463,1012.87,city_a,zone_2
o_519,u_80,r_3,2026-02-23T08:09:39.193463,2488.4,city_a,zone_2
o_520,u_191,r_5,2026-01-26T23:37:31.193463,5086.6,city_b,zone_3
o_521,u_161,r_27,2025-12-05T22:49:51.193463,647.36,city_b,zone_3
o_522,u_71,r_23,2026-02-27T08:44:32.193463,784.46,city_a,zone_1
o_523,u_138,r_8,2025-10-20T18:20:39.193463,3909.73,city_a,zone_1
o_524,u_91,r_28,2025-12-16T07:31:32.193463,3720.1,city_a,zone_2
o_525,u_143,r_3,2026-02-28T22:22:38.193463,4190.1,city_a,zone_2
o_526,u_137,r_15,2026-01-24T11:16:12.193463,992.19,city_a,zone_3
o_527,u_163,r_3,2026-02-21T13:50:52.193463,5934.57,city_a,zone_2
o_528,u_172,r_2,2026-01-06T11:04:19.193463,386.58,city_a,zone_1
o_529,u_94,r_8,2026-02-24T23:27:58.193463,610.86,city_a,zone_1
o_530,u_50,r_18,2025-12-19T20:36:00.193463,2285.16,city_a,zone_2
o_531,u_54,r_15,2026-02-12T21:07:51.193463,1500.08,city_a,zone_3
o_532,u_73,r_5,2025-09-20T09:42:08.193463,4651.67,city_b,zone_3
o_533,u_16,r_25,2025-10-11T00:15:31.193463,1236.56,city_b,zone_2
o_534,u_125,r_27,2025-12-22T14:22:11.193463,686.41,city_b,zone_3
o_535,u_96,r_6,2026-01-13T02:37:42.193463,1185.36,city_a,zone_2
o_536,u_133,r_23,2025-12-08T03:58:25.193463,626.91,city_a,zone_1
o_537,u_181,r_23,2025-11-03T08:13:20.193463,784.46,city_a,zone_1
o_538,u_127,r_22,2025-11-06T22:16:12.193463,389.63,city_a,zone_3
o_539,u_1,r_8,2026-01-14T19:57:32.193463,2145.32,city_a,zone_1
o_540,u_183,r_11,2025-09-08T08:19:28.193463,3801.1,city_a,zone_1
o_541,u_48,r_7,2025-11-08T02:40:49.193463,237.3,city_a,zone_2
o_542,u_75,r_17,2025-09-17T02:13:01.193463,856.53,city_a,zone_3
o_543,u_49,r_19,2026-02-01T21:49:26.193463,1882.78,city_a,zone_3
o_544,u_157,r_10,2025-12-30T12:40:35.193463,2553.09,city_b,zone_2
o_545,u_31,r_0,2025-11-29T23:28:39.193463,3199.35,city_a,zone_1
o_546,u_49,r_1,2025-09-23T21:46:30.193463,343.66,city_a,zone_3
o_547,u_21,r_1,2025-12-27T01:28:45.193463,808.87,city_a,zone_3
o_548,u_135,r_13,2025-12-05T09:54:41.193463,1793.13,city_a,zone_2
o_549,u_59,r_23,2025-10-01T13:24:14.193463,2307.26,city_a,zone_1
o_550,u_175,r_7,2025-12-10T09:43:19.193463,1083.56,city_a,zone_2
o_551,u_189,r_2,2026-01-15T20:20:41.193463,1527.4,city_a,zone_1
o_552,u_100,r_18,2026-02-28T13:43:21.193463,368.07,city_a,zone_2
o_553,u_119,r_13,2025-12-02T12:38:48.193463,1931.67,city_a,zone_2
o_554,u_110,r_28,2025-09-04T20:31:42.193463,1244.62,city_a,zone_2
o_555,u_151,r_10,2025-12-19T15:28:41.193463,295.08,city_b,zone_2
o_556,u_186,r_5,2025-11-27T10:52:43.193463,1371.45,city_b,zone_3
o_557,u_144,r_2,2025-10-11T08:21:33.193463,660.47,city_a,zone_1
o_558,u_22,r_14,2025-10-07T14:29:29.193463,864.18,city_a,zone_2
o_559,u_178,r_7,2025-09-07T00:15:57.193463,1258.91,city_a,zone_2
o_560,u_52,r_6,2026-02-20T12:00:43.193463,917.86,city_a,zone_2
o_561,u_57,r_3,2026-01-29T02:38:58.193463,3459.22,city_a,zone_2
o_562,u_72,r_22,2026-01-22T03:53:05.193463,1297.24,city_a,zone_3
o_563,u_27,r_23,2025-10-05T10:43:29.193463,2220.91,city_a,zone_1
o_564,u_87,r_9,2025-10-25T00:57:42.193463,1393.75,city_a,zone_3
o_565,u_96,r_7,2025-11-24T11:10:41.193463,1030.91,city_a,zone_2
o_566,u_156,r_21,2025-12-12T16:18:28.193463,2312.6,city_a,zone_1
o_567,u_196,r_13,2025-12-02T17:22:24.193463,2046.74,city_a,zone_2
o_568,u_8,r_6,2025-11-27T16:50:44.193463,286.07,city_a,zone_2
o_569,u_185,r_25,2025-10-30T02:58:50.193463,667.33,city_b,zone_2
o_570,u_5,r_24,2025-10-11T02:51:58.193463,1443.51,city_a,zone_3
o_571,u_129,r_10,2025-11-20T17:23:58.193463,2097.13,city_b,zone_2
o_572,u_153,r_22,2026-01-21T05:34:13.193463,3514.02,city_a,zone_3
o_573,u_116,r_9,2025-11-29T07:26:57.193463,1974.61,city_a,zone_3
o_574,u_67,r_13,2025-11-23T07:47:46.193463,2040.67,city_a,zone_2
o_575,u_86,r_26,2025-12-22T06:23:22.193463,6224.84,city_b,zone_1
o_576,u_138,r_18,2025-09-21T00:57:53.193463,659.53,city_a,zone_2
o_577,u_67,r_18,2025-09-08T03:30:16.193463,637.41,city_a,zone_2
o_578,u_24,r_9,2025-10-12T21:57:20.193463,986.64,city_a,zone_3
o_579,u_83,r_18,2025-11-13T12:28:19.193463,2252.95,city_a,zone_2
o_580,u_62,r_14,2026-01-25T05:43:27.193463,899.96,city_a,zone_2
o_581,u_46,r_10,2025-09-28T03:57:22.193463,1124.2,city_b,zone_2
o_582,u_93,r_11,2025-12-29T03:55:04.193463,5234.07,city_a,zone_1
o_583,u_116,r_17,2025-12-29T09:13:36.193463,614.46,city_a,zone_3
o_584,u_185,r_15,2025-12-23T19:24:04.193463,111.76,city_a,zone_3
o_585,u_117,r_21,2026-01-06T10:24:01.193463,3513.36,city_a,zone_1
o_586,u_91,r_7,2025-11-30T20:03:42.193463,800.54,city_a,zone_2
o_587,u_17,r_15,2026-01-10T09:16:28.193463,139.68,city_a,zone_3
o_588,u_113,r_24,2025-11-21T19:07:23.193463,1045.93,city_a,zone_3
o_589,u_185,r_17,2025-12-10T04:51:35.193463,217.42,city_a,zone_3
o_590,u_99,r_28,2025-09-17T03:32:37.193463,6319.11,city_a,zone_2
o_591,u_136,r_13,2026-01-11T02:13:54.193463,2834.31,city_a,zone_2
o_592,u_109,r_17,2026-02-12T18:06:07.193463,112.59,city_a,zone_3
o_593,u_99,r_22,2025-10-30T01:14:29.193463,631.68,city_a,zone_3
o_594,u_49,r_14,2025-09-18T00:00:06.193463,5003.87,city_a,zone_2
o_595,u_24,r_11,2025-11-17T18:50:30.193463,4946.22,city_a,zone_1
o_596,u_58,r_2,2025-09-06T01:10:21.193463,731.87,city_a,zone_1
o_597,u_24,r_0,2026-01-21T12:33:58.193463,1897.78,city_a,zone_1
o_598,u_125,r_14,2025-11-04T14:13:25.193463,3879.03,city_a,zone_2
o_599,u_34,r_11,2025-10-06T15:33:47.193463,652.18,city_a,zone_1
o_600,u_65,r_27,2025-09-05T06:15:55.193463,1598.87,city_b,zone_3
o_601,u_135,r_21,2026-02-21T20:58:15.193463,1992.92,city_a,zone_1
o_602,u_105,r_5,2026-01-19T07:03:49.193463,4542.43,city_b,zone_3
o_603,u_64,r_1,2025-09-16T01:03:49.193463,1304.89,city_a,zone_3
o_604,u_126,r_4,2025-09-07T01:17:22.193463,906.12,city_a,zone_2
o_605,u_118,r_29,2025-10-30T12:45:10.193463,727.2,city_b,zone_3
o_606,u_13,r_28,2025-10-19T03:53:11.193463,6673.48,city_a,zone_2
o_607,u_118,r_27,2025-10-19T23:23:24.193463,722.29,city_b,zone_3
o_608,u_49,r_0,2025-12-13T04:39:48.193463,2171.45,city_a,zone_1
o_609,u_145,r_20,2025-10-10T07:22:55.193463,596.97,city_b,zone_1
o_610,u_43,r_10,2025-09-27T07:35:05.193463,267.23,city_b,zone_2
o_611,u_86,r_8,2025-10-18T19:42:47.193463,4412.25,city_a,zone_1
o_612,u_20,r_0,2025-10-31T18:58:47.193463,3630.67,city_a,zone_1
o_613,u_95,r_25,2025-11-19T06:22:54.193463,1093.91,city_b,zone_2
o_614,u_178,r_25,2026-01-28T21:16:33.193463,829.09,city_b,zone_2
o_615,u_131,r_28,2025-11-01T07:46:46.193463,4065.04,city_a,zone_2
o_616,u_26,r_3,2025-10-02T23:29:46.193463,1099.55,city_a,zone_2
o_617,u_160,r_3,2025-11-20T11:47:31.193463,3641.86,city_a,zone_2
o_618,u_196,r_19,2026-02-28T21:24:37.193463,1041.84,city_a,zone_3
o_619,u_151,r_22,2025-10-10T15:35:49.193463,3599.4,city_a,zone_3
o_620,u_97,r_2,2025-10-19T23:52:27.193463,714.86,city_a,zone_1
o_621,u_17,r_1,2025-10-20T23:27:52.193463,1751.01,city_a,zone_3
o_622,u_90,r_0,2026-02-11T01:20:28.193463,4547.68,city_a,zone_1
o_623,u_8,r_5,2026-02-08T01:00:20.193463,1554.66,city_b,zone_3
o_624,u_1,r_5,2025-09-04T04:20:55.193463,1997.16,city_b,zone_3
o_625,u_169,r_23,2026-01-31T04:20:05.193463,2296.28,city_a,zone_1
o_626,u_149,r_5,2025-12-09T12:46:40.193463,1299.28,city_b,zone_3
o_627,u_176,r_7,2025-10-08T23:33:50.193463,268.35,city_a,zone_2
o_628,u_183,r_12,2026-02-25T03:19:34.193463,706.9,city_b,zone_2
o_629,u_23,r_28,2025-10-26T16:14:00.193463,1163.3,city_a,zone_2
o_630,u_185,r_21,2025-12-25T15:44:17.193463,2351.98,city_a,zone_1
o_631,u_117,r_0,2025-09-14T18:58:18.193463,1258.13,city_a,zone_1
o_632,u_71,r_15,2025-12-29T00:32:28.193463,1421.56,city_a,zone_3
o_633,u_62,r_28,2025-11-12T01:47:29.193463,4801.76,city_a,zone_2
o_634,u_98,r_3,2026-02-18T16:17:10.193463,4345.64,city_a,zone_2
o_635,u_175,r_14,2026-01-04T00:02:39.193463,2918.8,city_a,zone_2
o_636,u_110,r_28,2026-01-24T11:22:16.193463,4551.33,city_a,zone_2
o_637,u_124,r_8,2025-09-27T18:18:18.193463,2928.64,city_a,zone_1
o_638,u_141,r_13,2025-10-20T04:32:57.193463,462.18,city_a,zone_2
o_639,u_27,r_24,2026-01-19T22:08:07.193463,162.52,city_a,zone_3
o_640,u_195,r_18,2026-02-25T05:04:30.193463,1789.65,city_a,zone_2
o_641,u_43,r_27,2026-02-04T09:54:55.193463,2592.8,city_b,zone_3
o_642,u_121,r_27,2025-09-19T23:02:53.193463,170.61,city_b,zone_3
o_643,u_51,r_3,2026-01-24T17:47:12.193463,4004.26,city_a,zone_2
o_644,u_118,r_22,2026-02-14T10:17:12.193463,3011.37,city_a,zone_3
o_645,u_109,r_10,2025-12-16T11:03:17.193463,1516.35,city_b,zone_2
o_646,u_19,r_6,2025-10-01T06:14:05.193463,1282.64,city_a,zone_2
o_647,u_184,r_28,2025-10-02T14:04:19.193463,3528.02,city_a,zone_2
o_648,u_72,r_26,2026-01-12T13:39:53.193463,3867.4,city_b,zone_1
o_649,u_107,r_19,2025-09-21T19:58:12.193463,957.15,city_a,zone_3
o_650,u_51,r_21,2026-01-08T01:14:36.193463,2182.34,city_a,zone_1
o_651,u_79,r_12,2026-02-24T03:46:02.193463,345.88,city_b,zone_2
o_652,u_141,r_28,2025-11-12T06:31:21.193463,4623.42,city_a,zone_2
o_653,u_148,r_4,2025-12-12T00:31:48.193463,1086.21,city_a,zone_2
o_654,u_3,r_12,2026-01-07T16:40:56.193463,1635.34,city_b,zone_2
o_655,u_15,r_19,2025-12-06T22:21:04.193463,3231.03,city_a,zone_3
o_656,u_54,r_11,2025-11-05T02:06:17.193463,470.87,city_a,zone_1
o_657,u_152,r_7,2026-02-07T18:40:01.193463,1075.67,city_a,zone_2
o_658,u_139,r_16,2025-09-26T19:51:38.193463,421.1,city_b,zone_3
o_659,u_169,r_8,2026-01-07T15:57:11.193463,1681.28,city_a,zone_1
o_660,u_145,r_25,2025-09-27T03:39:07.193463,1051.53,city_b,zone_2
o_661,u_57,r_9,2025-09-30T02:11:59.193463,2053.01,city_a,zone_3
o_662,u_194,r_9,2025-10-31T03:10:27.193463,566.44,city_a,zone_3
o_663,u_111,r_7,2025-09-27T21:14:40.193463,1334.29,city_a,zone_2
o_664,u_106,r_15,2025-12-15T23:55:23.193463,596.64,city_a,zone_3
o_665,u_142,r_17,2025-12-21T09:11:27.193463,1577.06,city_a,zone_3
o_666,u_158,r_1,2026-01-13T18:00:08.193463,2596.06,city_a,zone_3
o_667,u_115,r_24,2025-09-04T20:23:40.193463,321.52,city_a,zone_3
o_668,u_186,r_9,2025-11-15T10:58:57.193463,227.1,city_a,zone_3
o_669,u_113,r_14,2025-12-14T03:58:57.193463,7122.45,city_a,zone_2
o_670,u_160,r_9,2025-11-08T23:03:01.193463,1772.93,city_a,zone_3
o_671,u_20,r_3,2026-01-18T07:37:41.193463,2278.8,city_a,zone_2
o_672,u_25,r_7,2025-11-10T16:11:39.193463,987.06,city_a,zone_2
o_673,u_18,r_13,2026-01-30T13:35:01.193463,783.0,city_a,zone_2
o_674,u_72,r_10,2025-12-23T15:35:53.193463,213.99,city_b,zone_2
o_675,u_114,r_0,2025-12-19T12:59:59.193463,2964.25,city_a,zone_1
o_676,u_136,r_18,2025-12-31T14:31:54.193463,728.6,city_a,zone_2
o_677,u_153,r_14,2026-01-24T10:20:20.193463,4140.28,city_a,zone_2
o_678,u_193,r_22,2025-11-15T13:08:15.193463,1835.11,city_a,zone_3
o_679,u_64,r_9,2026-02-11T10:33:14.193463,2258.1,city_a,zone_3
o_680,u_76,r_3,2026-03-01T04:10:57.193463,2167.31,city_a,zone_2
o_681,u_36,r_3,2025-12-31T11:00:24.193463,3246.38,city_a,zone_2
o_682,u_95,r_3,2025-11-10T18:40:06.193463,318.35,city_a,zone_2
o_683,u_17,r_25,2025-12-07T11:31:45.193463,329.74,city_b,zone_2
o_684,u_117,r_18,2026-02-27T05:49:29.193463,1607.87,city_a,zone_2
o_685,u_130,r_0,2025-11-12T17:06:04.193463,4114.48,city_a,zone_1
o_686,u_85,r_23,2026-01-26T00:07:29.193463,999.37,city_a,zone_1
o_687,u_53,r_13,2025-11-18T13:08:44.193463,1232.36,city_a,zone_2
o_688,u_194,r_11,2025-12-06T21:38:57.193463,4731.1,city_a,zone_1
o_689,u_158,r_4,2025-10-03T03:18:22.193463,299.73,city_a,zone_2
o_690,u_158,r_10,2025-11-26T06:32:44.193463,2112.57,city_b,zone_2
o_691,u_38,r_10,2025-10-21T09:01:39.193463,1362.24,city_b,zone_2
o_692,u_55,r_27,2026-01-18T02:46:28.193463,183.17,city_b,zone_3
o_693,u_82,r_29,2026-02-15T22:25:11.193463,1856.97,city_b,zone_3
o_694,u_65,r_28,2025-09-06T08:44:09.193463,4020.13,city_a,zone_2
o_695,u_158,r_8,2025-12-04T23:38:23.193463,1029.12,city_a,zone_1
o_696,u_45,r_10,2025-11-01T00:31:19.193463,758.38,city_b,zone_2
o_697,u_165,r_27,2025-10-27T09:54:48.193463,1473.95,city_b,zone_3
o_698,u_156,r_13,2025-09-03T00:55:32.193463,418.0,city_a,zone_2
o_699,u_94,r_25,2025-10-28T08:06:05.193463,813.87,city_b,zone_2
o_700,u_152,r_2,2025-11-01T00:49:59.193463,179.92,city_a,zone_1
o_701,u_59,r_18,2026-01-13T13:15:33.193463,2672.39,city_a,zone_2
o_702,u_74,r_18,2026-02-22T05:03:03.193463,266.35,city_a,zone_2
o_703,u_95,r_8,2025-09-10T21:41:00.193463,3619.61,city_a,zone_1
o_704,u_94,r_25,2025-09-11T10:36:09.193463,310.04,city_b,zone_2
o_705,u_195,r_29,2026-02-23T17:01:30.193463,1372.11,city_b,zone_3
o_706,u_45,r_9,2025-12-13T15:20:21.193463,1768.81,city_a,zone_3
o_707,u_118,r_28,2026-01-13T21:20:04.193463,3884.77,city_a,zone_2
o_708,u_12,r_9,2025-10-04T00:05:46.193463,1799.9,city_a,zone_3
o_709,u_139,r_6,2025-10-16T10:00:53.193463,140.22,city_a,zone_2
o_710,u_70,r_1,2025-09-10T12:36:13.193463,2186.92,city_a,zone_3
o_711,u_69,r_28,2025-09-19T02:22:59.193463,5755.8,city_a,zone_2
o_712,u_122,r_5,2025-09-05T23:18:31.193463,5326.65,city_b,zone_3
o_713,u_77,r_26,2025-10-03T03:46:11.193463,3995.98,city_b,zone_1
o_714,u_28,r_24,2025-12-01T03:20:28.193463,262.59,city_a,zone_3
o_715,u_32,r_1,2026-01-06T16:17:46.193463,1218.91,city_a,zone_3
o_716,u_3,r_9,2025-09-16T10:06:27.193463,745.07,city_a,zone_3
o_717,u_115,r_0,2026-02-26T11:17:09.193463,3645.75,city_a,zone_1
o_718,u_145,r_25,2025-10-21T03:47:24.193463,359.52,city_b,zone_2
o_719,u_14,r_1,2026-01-02T18:15:04.193463,1825.87,city_a,zone_3
o_720,u_61,r_28,2025-11-01T14:56:45.193463,2438.61,city_a,zone_2
o_721,u_130,r_18,2025-09-07T01:15:50.193463,239.89,city_a,zone_2
o_722,u_12,r_16,2025-09-22T20:25:14.193463,2993.55,city_b,zone_3
o_723,u_192,r_28,2026-01-08T04:38:54.193463,2572.49,city_a,zone_2
o_724,u_153,r_13,2025-10-16T12:46:42.193463,695.74,city_a,zone_2
o_725,u_106,r_0,2025-09-17T17:57:53.193463,3479.16,city_a,zone_1
o_726,u_171,r_15,2026-01-12T20:49:00.193463,896.33,city_a,zone_3
o_727,u_144,r_11,2025-10-24T11:17:10.193463,3564.29,city_a,zone_1
o_728,u_20,r_29,2026-01-22T01:07:53.193463,992.08,city_b,zone_3
o_729,u_28,r_26,2025-11-10T09:42:14.193463,3769.64,city_b,zone_1
o_730,u_14,r_19,2026-02-05T16:40:32.193463,4219.93,city_a,zone_3
o_731,u_14,r_7,2025-11-12T04:06:58.193463,172.92,city_a,zone_2
o_732,u_62,r_8,2025-11-12T07:19:37.193463,4092.4,city_a,zone_1
o_733,u_28,r_5,2026-02-12T02:59:09.193463,3418.54,city_b,zone_3
o_734,u_135,r_28,2026-01-16T02:35:39.193463,3135.79,city_a,zone_2
o_735,u_185,r_0,2025-11-12T20:35:22.193463,967.86,city_a,zone_1
o_736,u_92,r_28,2025-12-22T11:00:49.193463,2714.77,city_a,zone_2
o_737,u_53,r_12,2025-11-28T03:29:42.193463,1051.78,city_b,zone_2
o_738,u_98,r_29,2025-12-19T12:58:54.193463,2576.77,city_b,zone_3
o_739,u_83,r_9,2025-10-15T10:36:21.193463,1206.33,city_a,zone_3
o_740,u_33,r_14,2025-09-13T13:12:59.193463,3100.21,city_a,zone_2
o_741,u_50,r_7,2025-11-12T08:44:24.193463,818.13,city_a,zone_2
o_742,u_199,r_24,2025-10-09T09:22:39.193463,886.74,city_a,zone_3
o_743,u_146,r_19,2025-09-21T00:49:20.193463,2412.36,city_a,zone_3
o_744,u_170,r_6,2026-01-26T22:16:01.193463,733.69,city_a,zone_2
o_745,u_88,r_9,2025-12-25T22:51:51.193463,1316.55,city_a,zone_3
o_746,u_115,r_6,2026-01-20T10:42:25.193463,314.27,city_a,zone_2
o_747,u_77,r_28,2025-11-28T19:50:13.193463,1520.44,city_a,zone_2
o_748,u_54,r_29,2025-09-10T16:54:06.193463,1815.61,city_b,zone_3
o_749,u_148,r_4,2025-09-21T05:01:51.193463,1083.17,city_a,zone_2
o_750,u_41,r_11,2025-09-20T06:15:59.193463,321.85,city_a,zone_1
o_751,u_131,r_8,2025-10-23T00:32:04.193463,4056.26,city_a,zone_1
o_752,u_191,r_13,2025-11-19T18:56:24.193463,1764.1,city_a,zone_2
o_753,u_44,r_11,2025-10-23T23:17:33.193463,3139.31,city_a,zone_1
o_754,u_112,r_21,2025-11-17T07:40:42.193463,3863.82,city_a,zone_1
o_755,u_4,r_23,2026-01-23T00:45:40.193463,306.18,city_a,zone_1
o_756,u_114,r_27,2025-10-11T16:01:49.193463,2325.04,city_b,zone_3
o_757,u_70,r_13,2025-10-26T23:44:59.193463,1390.73,city_a,zone_2
o_758,u_21,r_15,2025-09-15T01:14:03.193463,710.43,city_a,zone_3
o_759,u_151,r_25,2026-01-28T05:50:12.193463,1312.68,city_b,zone_2
o_760,u_63,r_23,2026-02-19T02:55:46.193463,1187.26,city_a,zone_1
o_761,u_164,r_3,2025-10-04T21:12:31.193463,2197.54,city_a,zone_2
o_762,u_169,r_17,2025-12-15T22:04:05.193463,1369.34,city_a,zone_3
o_763,u_157,r_25,2026-02-24T00:25:33.193463,904.4,city_b,zone_2
o_764,u_29,r_15,2026-02-11T14:12:34.193463,552.77,city_a,zone_3
o_765,u_61,r_4,2026-01-25T17:40:37.193463,448.19,city_a,zone_2
o_766,u_178,r_13,2025-11-09T12:37:27.193463,440.98,city_a,zone_2
o_767,u_95,r_19,2025-09-06T01:53:05.193463,2413.27,city_a,zone_3
o_768,u_156,r_11,2025-11-10T05:36:14.193463,2385.43,city_a,zone_1
o_769,u_106,r_1,2025-11-14T09:18:00.193463,674.52,city_a,zone_3
o_770,u_98,r_28,2026-02-14T00:50:25.193463,4199.77,city_a,zone_2
o_771,u_44,r_21,2025-12-09T16:15:45.193463,3797.38,city_a,zone_1
o_772,u_99,r_21,2025-09-27T02:21:47.193463,2918.86,city_a,zone_1
o_773,u_75,r_10,2025-12-10T11:49:58.193463,1609.78,city_b,zone_2
o_774,u_115,r_8,2026-02-24T17:36:16.193463,1866.01,city_a,zone_1
o_775,u_9,r_1,2025-12-23T01:00:53.193463,1585.07,city_a,zone_3
o_776,u_124,r_6,2026-01-22T07:40:45.193463,488.96,city_a,zone_2
o_777,u_161,r_1,2025-10-17T18:49:26.193463,324.3,city_a,zone_3
o_778,u_135,r_11,2026-01-03T13:09:24.193463,4760.48,city_a,zone_1
o_779,u_170,r_10,2026-01-03T01:17:13.193463,1768.21,city_b,zone_2
o_780,u_61,r_29,2026-01-07T15:24:15.193463,946.97,city_b,zone_3
o_781,u_193,r_1,2026-01-30T12:42:47.193463,1230.48,city_a,zone_3
o_782,u_76,r_28,2025-09-24T11:24:23.193463,2605.43,city_a,zone_2
o_783,u_82,r_0,2025-12-07T21:46:36.193463,2286.68,city_a,zone_1
o_784,u_138,r_19,2025-09-17T05:19:00.193463,3097.24,city_a,zone_3
o_785,u_7,r_16,2025-10-30T22:43:37.193463,544.92,city_b,zone_3
o_786,u_197,r_11,2025-09-25T16:39:10.193463,2740.34,city_a,zone_1
o_787,u_126,r_12,2025-10-10T09:09:07.193463,869.23,city_b,zone_2
o_788,u_99,r_3,2025-10-15T14:35:20.193463,530.99,city_a,zone_2
o_789,u_121,r_10,2025-10-26T01:48:22.193463,1972.08,city_b,zone_2
o_790,u_185,r_17,2026-03-01T00:52:54.193463,348.7,city_a,zone_3
o_791,u_135,r_5,2025-11-18T05:07:46.193463,1375.74,city_b,zone_3
o_792,u_155,r_0,2026-02-04T03:12:00.193463,1299.64,city_a,zone_1
o_793,u_7,r_4,2025-12-27T17:31:34.193463,1523.85,city_a,zone_2
o_794,u_111,r_11,2025-12-11T05:31:24.193463,3093.72,city_a,zone_1
o_795,u_52,r_9,2025-10-07T20:50:33.193463,1227.6,city_a,zone_3
o_796,u_180,r_10,2026-01-08T12:03:30.193463,1359.24,city_b,zone_2
o_797,u_78,r_7,2026-01-14T14:06:11.193463,314.4,city_a,zone_2
o_798,u_193,r_26,2025-12-02T07:14:25.193463,4598.14,city_b,zone_1
o_799,u_147,r_11,2025-12-23T09:13:17.193463,5464.62,city_a,zone_1
o_800,u_86,r_18,2025-09-26T02:12:55.193463,761.56,city_a,zone_2
o_801,u_60,r_14,2025-12-28T17:17:53.193463,2576.61,city_a,zone_2
o_802,u_75,r_2,2026-02-26T22:59:34.193463,819.62,city_a,zone_1
o_803,u_179,r_9,2025-12-03T04:17:23.193463,616.62,city_a,zone_3
o_804,u_126,r_27,2025-10-26T06:29:58.193463,1128.21,city_b,zone_3
o_805,u_62,r_26,2025-11-18T07:28:01.193463,3071.4,city_b,zone_1
o_806,u_135,r_16,2025-10-16T10:24:38.193463,319.46,city_b,zone_3
o_807,u_28,r_28,2025-09-23T08:23:45.193463,1658.27,city_a,zone_2
o_808,u_75,r_25,2026-02-08T09:57:05.193463,863.27,city_b,zone_2
o_809,u_10,r_24,2026-01-14T12:22:30.193463,889.31,city_a,zone_3
o_810,u_139,r_9,2026-01-04T14:36:51.193463,1576.19,city_a,zone_3
o_811,u_145,r_1,2025-09-20T18:14:38.193463,1252.0,city_a,zone_3
o_812,u_20,r_16,2025-09-17T12:37:34.193463,2050.62,city_b,zone_3
o_813,u_181,r_6,2025-09-23T05:35:42.193463,674.62,city_a,zone_2
o_814,u_159,r_2,2026-02-27T10:33:38.193463,561.19,city_a,zone_1
o_815,u_91,r_2,2026-02-18T10:56:35.193463,1000.45,city_a,zone_1
o_816,u_118,r_18,2025-12-01T10:37:47.193463,302.74,city_a,zone_2
o_817,u_177,r_27,2025-09-06T03:44:00.193463,1400.09,city_b,zone_3
o_818,u_65,r_23,2026-03-01T22:13:27.193463,1868.62,city_a,zone_1
o_819,u_171,r_7,2025-10-25T20:47:03.193463,507.65,city_a,zone_2
o_820,u_104,r_1,2025-10-09T17:19:38.193463,2247.14,city_a,zone_3
o_821,u_189,r_10,2025-10-15T13:44:38.193463,343.62,city_b,zone_2
o_822,u_59,r_13,2025-12-23T15:11:47.193463,928.77,city_a,zone_2
o_823,u_196,r_26,2025-11-18T00:51:07.193463,2812.43,city_b,zone_1
o_824,u_157,r_17,2026-01-04T14:35:36.193463,654.9,city_a,zone_3
o_825,u_114,r_15,2026-02-15T11:39:50.193463,953.19,city_a,zone_3
o_826,u_133,r_17,2025-11-06T19:13:59.193463,172.77,city_a,zone_3
o_827,u_129,r_22,2026-02-21T01:23:08.193463,629.64,city_a,zone_3
o_828,u_83,r_2,2025-12-27T06:41:33.193463,888.66,city_a,zone_1
o_829,u_181,r_9,2025-09-11T16:57:57.193463,498.54,city_a,zone_3
o_830,u_100,r_20,2025-12-13T22:21:35.193463,2730.65,city_b,zone_1
o_831,u_124,r_24,2026-01-09T18:08:09.193463,858.49,city_a,zone_3
o_832,u_69,r_19,2025-09-24T19:55:57.193463,1773.64,city_a,zone_3
o_833,u_27,r_10,2025-12-08T14:29:39.193463,343.62,city_b,zone_2
o_834,u_56,r_12,2025-11-11T17:26:46.193463,273.7,city_b,zone_2
o_835,u_35,r_4,2025-10-26T03:00:21.193463,1880.87,city_a,zone_2
o_836,u_122,r_25,2026-02-11T21:56:57.193463,1278.95,city_b,zone_2
o_837,u_127,r_17,2026-01-13T03:45:34.193463,406.24,city_a,zone_3
o_838,u_117,r_19,2025-10-28T21:49:00.193463,655.64,city_a,zone_3
o_839,u_186,r_18,2025-11-30T01:33:37.193463,261.68,city_a,zone_2
o_840,u_62,r_28,2026-02-10T05:23:59.193463,3795.6,city_a,zone_2
o_841,u_168,r_12,2025-09-29T16:14:38.193463,580.68,city_b,zone_2
o_842,u_130,r_7,2025-11-25T19:55:50.193463,965.7,city_a,zone_2
o_843,u_156,r_1,2026-02-25T12:07:56.193463,798.32,city_a,zone_3
o_844,u_91,r_28,2025-12-27T20:49:49.193463,2866.16,city_a,zone_2
o_845,u_181,r_12,2025-09-29T06:47:34.193463,821.85,city_b,zone_2
o_846,u_34,r_21,2026-02-01T20:42:10.193463,3579.98,city_a,zone_1
o_847,u_98,r_0,2025-12-02T12:43:14.193463,3131.53,city_a,zone_1
o_848,u_48,r_21,2026-02-02T16:23:57.193463,1753.86,city_a,zone_1
o_849,u_183,r_29,2026-01-27T14:32:42.193463,1463.78,city_b,zone_3
o_850,u_44,r_19,2025-10-25T09:32:02.193463,4828.8,city_a,zone_3
o_851,u_30,r_7,2025-09-29T10:06:39.193463,368.51,city_a,zone_2
o_852,u_31,r_21,2026-02-06T08:52:28.193463,2561.89,city_a,zone_1
o_853,u_105,r_6,2025-10-12T14:30:19.193463,249.16,city_a,zone_2
o_854,u_80,r_29,2026-02-11T15:12:52.193463,1840.64,city_b,zone_3
o_855,u_117,r_27,2026-02-09T11:45:52.193463,2267.13,city_b,zone_3
o_856,u_157,r_24,2025-12-04T09:29:13.193463,1055.2,city_a,zone_3
o_857,u_95,r_21,2026-01-16T09:43:31.193463,912.92,city_a,zone_1
o_858,u_167,r_28,2026-02-07T21:34:58.193463,2785.02,city_a,zone_2
o_859,u_92,r_25,2025-09-09T13:16:07.193463,1301.58,city_b,zone_2
o_860,u_87,r_8,2026-02-25T04:37:06.193463,5198.54,city_a,zone_1
o_861,u_89,r_11,2026-02-27T20:02:35.193463,5483.26,city_a,zone_1
o_862,u_42,r_3,2026-02-15T09:10:52.193463,4683.59,city_a,zone_2
o_863,u_121,r_25,2026-01-27T16:46:33.193463,563.67,city_b,zone_2
o_864,u_5,r_29,2025-12-29T17:04:41.193463,2585.73,city_b,zone_3
o_865,u_176,r_21,2026-01-12T18:05:37.193463,1731.06,city_a,zone_1
o_866,u_5,r_19,2025-12-24T23:14:51.193463,330.13,city_a,zone_3
o_867,u_125,r_18,2025-09-09T09:20:02.193463,1050.12,city_a,zone_2
o_868,u_54,r_18,2025-11-08T02:15:28.193463,847.72,city_a,zone_2
o_869,u_69,r_5,2025-12-09T04:33:34.193463,2559.87,city_b,zone_3
o_870,u_114,r_5,2026-02-19T15:27:20.193463,645.16,city_b,zone_3
o_871,u_129,r_15,2026-02-01T20:37:02.193463,1097.37,city_a,zone_3
o_872,u_13,r_26,2026-03-01T00:31:59.193463,3426.56,city_b,zone_1
o_873,u_6,r_10,2025-12-15T17:01:24.193463,1865.5,city_b,zone_2
o_874,u_98,r_25,2025-11-23T18:19:15.193463,517.46,city_b,zone_2
o_875,u_146,r_9,2026-03-01T09:23:32.193463,1945.67,city_a,zone_3
o_876,u_150,r_6,2026-01-21T09:23:20.193463,124.58,city_a,zone_2
o_877,u_83,r_8,2025-12-08T08:44:11.193463,5061.01,city_a,zone_1
o_878,u_131,r_8,2025-12-15T15:54:52.193463,5208.02,city_a,zone_1
o_879,u_193,r_7,2025-09-25T09:05:05.193463,762.97,city_a,zone_2
o_880,u_49,r_7,2025-10-17T23:46:55.193463,111.84,city_a,zone_2
o_881,u_156,r_4,2025-11-22T03:27:09.193463,779.21,city_a,zone_2
o_882,u_11,r_2,2025-11-09T19:59:47.193463,1017.2,city_a,zone_1
o_883,u_144,r_25,2025-12-08T00:57:55.193463,1515.33,city_b,zone_2
o_884,u_90,r_6,2026-02-24T18:42:52.193463,729.21,city_a,zone_2
o_885,u_53,r_27,2025-09-26T18:28:31.193463,891.28,city_b,zone_3
o_886,u_36,r_13,2025-09-07T01:38:42.193463,1902.1,city_a,zone_2
o_887,u_28,r_15,2026-02-15T21:01:57.193463,1292.04,city_a,zone_3
o_888,u_196,r_10,2025-10-08T17:55:09.193463,3067.37,city_b,zone_2
o_889,u_156,r_2,2026-02-18T01:04:46.193463,780.01,city_a,zone_1
o_890,u_34,r_23,2025-11-15T23:22:23.193463,1075.93,city_a,zone_1
o_891,u_7,r_19,2025-11-07T11:26:34.193463,4260.66,city_a,zone_3
o_892,u_83,r_1,2026-02-12T06:28:10.193463,1324.51,city_a,zone_3
o_893,u_72,r_13,2025-12-02T12:11:37.193463,523.56,city_a,zone_2
o_894,u_11,r_26,2026-01-04T18:31:34.193463,4084.57,city_b,zone_1
o_895,u_115,r_23,2026-01-29T16:08:19.193463,872.01,city_a,zone_1
o_896,u_132,r_27,2026-02-19T02:41:48.193463,1252.17,city_b,zone_3
o_897,u_84,r_11,2026-01-19T16:28:13.193463,3186.37,city_a,zone_1
o_898,u_151,r_2,2025-09-24T03:10:00.193463,359.84,city_a,zone_1
o_899,u_27,r_13,2025-12-11T04:01:34.193463,200.4,city_a,zone_2
o_900,u_60,r_10,2025-11-05T04:42:54.193463,2489.4,city_b,zone_2
o_901,u_167,r_1,2025-11-21T04:29:12.193463,2746.02,city_a,zone_3
o_902,u_141,r_26,2026-02-06T20:08:25.193463,3071.5,city_b,zone_1
o_903,u_87,r_27,2026-01-29T00:27:24.193463,2089.67,city_b,zone_3
o_904,u_52,r_15,2026-02-26T20:19:11.193463,473.8,city_a,zone_3
o_905,u_136,r_15,2025-11-30T10:42:31.193463,527.57,city_a,zone_3
o_906,u_170,r_14,2025-11-10T06:47:42.193463,4306.02,city_a,zone_2
o_907,u_27,r_9,2026-01-11T19:59:08.193463,2263.48,city_a,zone_3
o_908,u_130,r_16,2025-12-23T18:50:14.193463,2317.48,city_b,zone_3
o_909,u_100,r_18,2026-01-29T13:57:40.193463,2113.68,city_a,zone_2
o_910,u_188,r_19,2026-02-25T12:35:12.193463,3975.04,city_a,zone_3
o_911,u_61,r_1,2025-12-26T18:54:55.193463,1950.4,city_a,zone_3
o_912,u_33,r_1,2026-01-16T21:11:39.193463,534.38,city_a,zone_3
o_913,u_44,r_28,2025-12-27T04:35:12.193463,5062.5,city_a,zone_2
o_914,u_50,r_25,2025-12-07T17:20:32.193463,662.48,city_b,zone_2
o_915,u_99,r_6,2026-01-27T23:42:10.193463,311.8,city_a,zone_2
o_916,u_70,r_0,2025-12-12T17:46:20.193463,1709.75,city_a,zone_1
o_917,u_126,r_16,2025-10-28T19:52:27.193463,2294.93,city_b,zone_3
o_918,u_13,r_3,2025-12-29T15:23:09.193463,519.58,city_a,zone_2
o_919,u_98,r_15,2025-09-30T07:33:00.193463,97.24,city_a,zone_3
o_920,u_168,r_11,2025-09-08T05:53:19.193463,3127.39,city_a,zone_1
o_921,u_106,r_26,2025-12-13T01:58:10.193463,1952.5,city_b,zone_1
o_922,u_165,r_20,2025-11-28T05:30:20.193463,3200.2,city_b,zone_1
o_923,u_183,r_10,2026-01-25T11:00:45.193463,1085.12,city_b,zone_2
o_924,u_12,r_20,2025-10-26T13:11:05.193463,2782.09,city_b,zone_1
o_925,u_63,r_15,2026-01-04T03:23:56.193463,999.77,city_a,zone_3
o_926,u_141,r_7,2025-10-27T19:26:16.193463,286.03,city_a,zone_2
o_927,u_44,r_2,2025-11-26T06:30:01.193463,220.6,city_a,zone_1
o_928,u_174,r_1,2026-01-18T19:13:25.193463,764.63,city_a,zone_3
o_929,u_96,r_10,2026-01-03T11:13:26.193463,2484.03,city_b,zone_2
o_930,u_167,r_19,2025-12-28T00:34:27.193463,2810.74,city_a,zone_3
o_931,u_149,r_15,2025-11-23T09:52:40.193463,914.05,city_a,zone_3
o_932,u_40,r_2,2025-11-09T10:15:41.193463,1420.12,city_a,zone_1
o_933,u_81,r_20,2025-12-21T02:44:13.193463,3224.7,city_b,zone_1
o_934,u_71,r_9,2025-11-19T08:24:33.193463,1108.11,city_a,zone_3
o_935,u_190,r_23,2025-11-01T20:11:30.193463,1125.92,city_a,zone_1
o_936,u_115,r_23,2026-01-21T04:15:28.193463,449.88,city_a,zone_1
o_937,u_111,r_4,2026-02-01T11:30:42.193463,1325.6,city_a,zone_2
o_938,u_62,r_12,2026-02-26T18:22:56.193463,505.71,city_b,zone_2
o_939,u_52,r_25,2026-02-14T02:39:34.193463,158.88,city_b,zone_2
o_940,u_132,r_6,2026-02-03T14:21:21.193463,829.82,city_a,zone_2
o_941,u_89,r_15,2025-10-25T20:10:31.193463,1400.31,city_a,zone_3
o_942,u_60,r_21,2025-09-21T11:45:15.193463,6306.45,city_a,zone_1
o_943,u_58,r_9,2026-01-08T07:50:45.193463,2177.51,city_a,zone_3
o_944,u_128,r_16,2026-02-26T04:27:25.193463,4956.35,city_b,zone_3
o_945,u_197,r_8,2025-11-28T17:59:47.193463,3164.22,city_a,zone_1
o_946,u_29,r_26,2025-09-21T10:58:23.193463,3872.55,city_b,zone_1
o_947,u_131,r_11,2026-01-29T22:48:38.193463,4697.96,city_a,zone_1
o_948,u_68,r_16,2026-02-19T03:34:35.193463,865.54,city_b,zone_3
o_949,u_139,r_16,2026-01-27T13:09:35.193463,3140.78,city_b,zone_3
o_950,u_111,r_23,2026-01-16T17:11:42.193463,680.68,city_a,zone_1
o_951,u_128,r_17,2026-01-27T21:46:32.193463,194.64,city_a,zone_3
o_952,u_120,r_12,2025-10-05T04:57:43.193463,280.28,city_b,zone_2
o_953,u_97,r_17,2025-12-08T02:09:18.193463,542.27,city_a,zone_3
o_954,u_120,r_6,2025-09-04T17:34:33.193463,803.65,city_a,zone_2
o_955,u_150,r_5,2025-12-21T09:58:29.193463,5541.42,city_b,zone_3
o_956,u_164,r_20,2025-12-13T18:12:31.193463,4587.87,city_b,zone_1
o_957,u_22,r_8,2026-01-15T16:54:46.193463,887.62,city_a,zone_1
o_958,u_165,r_4,2025-09-21T07:49:47.193463,273.34,city_a,zone_2
o_959,u_68,r_16,2025-09-15T21:36:29.193463,2203.87,city_b,zone_3
o_960,u_132,r_7,2026-02-09T07:25:15.193463,993.44,city_a,zone_2
o_961,u_109,r_14,2026-01-22T19:32:29.193463,1430.73,city_a,zone_2
o_962,u_111,r_15,2025-09-27T12:54:42.193463,1492.64,city_a,zone_3
o_963,u_108,r_12,2026-02-05T22:19:41.193463,718.91,city_b,zone_2
o_964,u_168,r_15,2025-11-24T12:57:44.193463,1333.18,city_a,zone_3
o_965,u_94,r_23,2025-12-14T23:36:06.193463,301.29,city_a,zone_1
o_966,u_61,r_18,2026-01-04T00:00:35.193463,1468.79,city_a,zone_2
o_967,u_56,r_22,2025-12-20T06:27:15.193463,3171.98,city_a,zone_3
o_968,u_49,r_3,2025-12-31T17:44:10.193463,3419.42,city_a,zone_2
o_969,u_82,r_24,2025-12-25T18:15:50.193463,672.09,city_a,zone_3
o_970,u_21,r_28,2025-09-09T10:40:50.193463,5759.92,city_a,zone_2
o_971,u_13,r_18,2025-12-03T20:51:27.193463,1948.99,city_a,zone_2
o_972,u_100,r_0,2026-01-04T17:17:29.193463,3766.9,city_a,zone_1
o_973,u_145,r_17,2025-11-22T18:53:36.193463,945.11,city_a,zone_3
o_974,u_86,r_21,2025-10-06T12:31:06.193463,6488.24,city_a,zone_1
o_975,u_33,r_17,2025-10-08T08:56:39.193463,986.51,city_a,zone_3
o_976,u_107,r_12,2026-02-12T12:34:03.193463,1261.65,city_b,zone_2
o_977,u_89,r_0,2026-02-12T03:05:34.193463,972.99,city_a,zone_1
o_978,u_102,r_17,2025-10-23T07:06:20.193463,1755.21,city_a,zone_3
o_979,u_146,r_28,2025-12-16T09:27:03.193463,4621.23,city_a,zone_2
o_980,u_107,r_20,2025-10-15T07:34:10.193463,2937.87,city_b,zone_1
o_981,u_61,r_12,2025-11-14T05:23:29.193463,1136.16,city_b,zone_2
o_982,u_137,r_28,2025-11-07T07:25:57.193463,4855.8,city_a,zone_2
o_983,u_120,r_22,2025-12-03T21:26:01.193463,2996.08,city_a,zone_3
o_984,u_116,r_24,2026-01-12T16:43:38.193463,812.22,city_a,zone_3
o_985,u_43,r_9,2025-12-27T02:21:46.193463,170.4,city_a,zone_3
o_986,u_37,r_20,2026-03-01T00:54:26.193463,1722.47,city_b,zone_1
o_987,u_6,r_24,2025-11-01T23:44:49.193463,451.76,city_a,zone_3
o_988,u_149,r_5,2025-12-01T08:55:20.193463,689.16,city_b,zone_3
o_989,u_20,r_15,2026-02-21T09:17:43.193463,453.56,city_a,zone_3
o_990,u_10,r_25,2025-10-18T19:07:23.193463,422.14,city_b,zone_2
o_991,u_104,r_5,2026-01-13T21:25:28.193463,4564.04,city_b,zone_3
o_992,u_54,r_15,2026-01-10T17:34:10.193463,730.91,city_a,zone_3
o_993,u_74,r_16,2026-01-31T02:04:58.193463,2803.9,city_b,zone_3
o_994,u_195,r_10,2026-01-11T00:16:46.193463,2309.13,city_b,zone_2
o_995,u_25,r_9,2025-12-09T00:21:44.193463,693.66,city_a,zone_3
o_996,u_98,r_20,2025-09-20T23:08:31.193463,3185.2,city_b,zone_1
o_997,u_188,r_18,2025-11-17T01:07:08.193463,2842.0,city_a,zone_2
o_998,u_103,r_23,2026-01-08T06:59:50.193463,1243.83,city_a,zone_1
o_999,u_104,r_8,2026-01-07T21:26:13.193463,6735.97,city_a,zone_1
o_1000,u_156,r_19,2025-09-24T14:51:28.193463,2130.66,city_a,zone_3
o_1001,u_85,r_8,2025-09-04T06:50:55.193463,2708.02,city_a,zone_1
o_1002,u_130,r_8,2025-10-27T15:18:36.193463,514.56,city_a,zone_1
o_1003,u_76,r_28,2025-12-01T07:21:06.193463,3257.11,city_a,zone_2
o_1004,u_11,r_28,2026-01-29T20:07:56.193463,982.72,city_a,zone_2
o_1005,u_16,r_2,2025-10-29T21:01:26.193463,725.97,city_a,zone_1
o_1006,u_181,r_23,2025-12-27T14:57:32.193463,447.68,city_a,zone_1
o_1007,u_108,r_9,2025-12-15T02:19:07.193463,1688.93,city_a,zone_3
o_1008,u_174,r_24,2026-01-14T17:21:47.193463,881.58,city_a,zone_3
o_1009,u_191,r_14,2025-12-11T11:28:03.193463,5656.07,city_a,zone_2
o_1010,u_132,r_4,2025-12-22T18:59:31.193463,483.28,city_a,zone_2
o_1011,u_158,r_21,2026-01-28T15:38:08.193463,3896.06,city_a,zone_1
o_1012,u_181,r_4,2025-09-03T21:58:03.193463,682.79,city_a,zone_2
o_1013,u_29,r_6,2025-09-21T19:10:08.193463,330.13,city_a,zone_2
o_1014,u_25,r_5,2025-09-15T07:23:46.193463,5537.66,city_b,zone_3
o_1015,u_99,r_26,2025-11-09T04:36:43.193463,3152.11,city_b,zone_1
o_1016,u_62,r_6,2025-09-09T04:48:03.193463,1120.73,city_a,zone_2
o_1017,u_108,r_1,2025-10-03T04:58:37.193463,2276.49,city_a,zone_3
o_1018,u_196,r_20,2025-11-15T10:02:03.193463,2738.41,city_b,zone_1
o_1019,u_31,r_1,2025-12-18T17:56:30.193463,1931.97,city_a,zone_3
o_1020,u_170,r_4,2025-12-09T11:20:14.193463,1343.15,city_a,zone_2
o_1021,u_46,r_17,2025-10-28T22:30:21.193463,389.28,city_a,zone_3
o_1022,u_118,r_10,2026-01-08T08:29:52.193463,683.41,city_b,zone_2
o_1023,u_27,r_9,2025-11-21T14:32:08.193463,454.56,city_a,zone_3
o_1024,u_129,r_23,2025-12-28T08:37:05.193463,1978.8,city_a,zone_1
o_1025,u_121,r_19,2025-12-19T03:12:06.193463,3209.33,city_a,zone_3
o_1026,u_176,r_2,2025-10-29T19:49:21.193463,137.45,city_a,zone_1
o_1027,u_126,r_24,2025-12-24T02:14:58.193463,777.71,city_a,zone_3
o_1028,u_168,r_25,2026-02-19T06:38:27.193463,322.75,city_b,zone_2
o_1029,u_56,r_22,2026-01-26T07:11:48.193463,682.68,city_a,zone_3
o_1030,u_81,r_7,2026-02-17T08:25:36.193463,768.58,city_a,zone_2
o_1031,u_19,r_5,2025-10-29T19:44:05.193463,4169.57,city_b,zone_3
o_1032,u_38,r_14,2026-02-14T10:03:43.193463,2032.11,city_a,zone_2
o_1033,u_93,r_18,2026-02-27T05:11:52.193463,893.98,city_a,zone_2
o_1034,u_44,r_8,2025-11-06T00:27:33.193463,5373.6,city_a,zone_1
o_1035,u_8,r_23,2025-12-27T08:39:50.193463,174.42,city_a,zone_1
o_1036,u_78,r_21,2025-12-13T06:05:44.193463,2451.52,city_a,zone_1
o_1037,u_179,r_3,2026-01-19T22:28:07.193463,2232.8,city_a,zone_2
o_1038,u_39,r_22,2025-10-02T22:10:35.193463,4641.84,city_a,zone_3
o_1039,u_69,r_26,2025-11-12T15:32:42.193463,5935.59,city_b,zone_1
o_1040,u_70,r_1,2025-12-05T22:01:27.193463,1478.37,city_a,zone_3
o_1041,u_110,r_25,2025-10-26T23:28:21.193463,1140.05,city_b,zone_2
o_1042,u_87,r_5,2025-11-19T07:31:54.193463,4711.34,city_b,zone_3
o_1043,u_113,r_3,2025-10-17T06:34:09.193463,4171.19,city_a,zone_2
o_1044,u_165,r_11,2025-10-17T03:03:24.193463,2363.6,city_a,zone_1
o_1045,u_7,r_1,2025-11-03T20:24:56.193463,2005.52,city_a,zone_3
o_1046,u_80,r_19,2025-12-22T11:41:41.193463,1136.66,city_a,zone_3
o_1047,u_0,r_29,2026-01-20T17:47:05.193463,1934.53,city_b,zone_3
o_1048,u_31,r_24,2025-11-05T17:59:55.193463,1242.75,city_a,zone_3
o_1049,u_124,r_20,2026-01-27T20:29:47.193463,1539.71,city_b,zone_1
o_1050,u_183,r_4,2025-12-08T04:58:02.193463,272.39,city_a,zone_2
o_1051,u_3,r_4,2025-09-21T07:08:48.193463,652.75,city_a,zone_2
o_1052,u_163,r_21,2025-11-04T01:48:36.193463,4258.62,city_a,zone_1
o_1053,u_44,r_26,2026-02-15T10:42:03.193463,1653.97,city_b,zone_1
o_1054,u_104,r_11,2026-02-01T08:20:57.193463,6361.39,city_a,zone_1
o_1055,u_187,r_2,2025-11-01T17:53:26.193463,1038.15,city_a,zone_1
o_1056,u_144,r_9,2025-11-30T15:41:18.193463,565.14,city_a,zone_3
o_1057,u_138,r_20,2025-09-07T12:46:48.193463,3892.12,city_b,zone_1
o_1058,u_137,r_7,2026-02-16T05:33:26.193463,425.6,city_a,zone_2
o_1059,u_183,r_17,2026-01-20T23:45:42.193463,993.49,city_a,zone_3
o_1060,u_24,r_17,2026-01-05T03:18:49.193463,959.16,city_a,zone_3
o_1061,u_172,r_3,2025-09-29T00:14:24.193463,4986.38,city_a,zone_2
o_1062,u_182,r_6,2025-12-20T00:43:08.193463,987.74,city_a,zone_2
o_1063,u_81,r_21,2025-12-02T20:59:14.193463,2953.5,city_a,zone_1
o_1064,u_132,r_7,2026-01-12T12:35:36.193463,1194.82,city_a,zone_2
o_1065,u_5,r_6,2025-09-06T01:55:53.193463,983.78,city_a,zone_2
o_1066,u_52,r_3,2025-12-15T04:37:14.193463,1649.08,city_a,zone_2
o_1067,u_100,r_28,2026-01-29T21:26:39.193463,6959.08,city_a,zone_2
o_1068,u_3,r_16,2025-11-19T21:23:43.193463,3777.26,city_b,zone_3
o_1069,u_93,r_4,2026-02-16T01:41:41.193463,370.72,city_a,zone_2
o_1070,u_82,r_28,2026-02-23T09:14:40.193463,3607.7,city_a,zone_2
o_1071,u_181,r_4,2025-11-05T12:30:25.193463,309.84,city_a,zone_2
o_1072,u_91,r_0,2025-10-25T13:44:34.193463,1253.05,city_a,zone_1
o_1073,u_123,r_3,2026-02-20T08:30:56.193463,2878.36,city_a,zone_2
o_1074,u_194,r_1,2025-11-27T02:12:16.193463,1236.55,city_a,zone_3
o_1075,u_160,r_1,2026-01-27T20:28:09.193463,814.81,city_a,zone_3
o_1076,u_111,r_1,2025-11-22T13:03:50.193463,481.95,city_a,zone_3
o_1077,u_54,r_21,2025-10-22T12:08:24.193463,3572.0,city_a,zone_1
o_1078,u_94,r_24,2025-11-02T03:02:51.193463,210.32,city_a,zone_3
o_1079,u_89,r_28,2025-10-17T11:19:03.193463,4848.77,city_a,zone_2
o_1080,u_32,r_4,2025-12-12T15:22:54.193463,379.72,city_a,zone_2
o_1081,u_147,r_22,2025-12-27T16:56:32.193463,2004.92,city_a,zone_3
o_1082,u_8,r_15,2025-11-23T08:13:26.193463,209.0,city_a,zone_3
o_1083,u_128,r_18,2026-02-20T15:13:32.193463,224.6,city_a,zone_2
o_1084,u_2,r_17,2025-12-08T13:12:15.193463,419.96,city_a,zone_3
o_1085,u_192,r_4,2026-01-01T16:45:19.193463,623.56,city_a,zone_2
o_1086,u_112,r_1,2026-01-23T15:32:49.193463,669.44,city_a,zone_3
o_1087,u_165,r_20,2025-10-03T15:33:56.193463,588.74,city_b,zone_1
o_1088,u_157,r_9,2026-02-24T03:37:49.193463,565.39,city_a,zone_3
o_1089,u_53,r_13,2025-12-04T07:18:04.193463,1574.55,city_a,zone_2
o_1090,u_54,r_7,2025-09-27T19:52:36.193463,818.5,city_a,zone_2
o_1091,u_77,r_18,2025-10-15T12:29:31.193463,1582.66,city_a,zone_2
o_1092,u_56,r_9,2025-10-21T14:38:17.193463,1137.64,city_a,zone_3
o_1093,u_144,r_1,2026-01-28T11:47:20.193463,1009.72,city_a,zone_3
o_1094,u_28,r_22,2025-12-24T10:28:52.193463,3756.14,city_a,zone_3
o_1095,u_181,r_12,2025-09-05T05:00:44.193463,1487.21,city_b,zone_2
o_1096,u_190,r_2,2025-09-25T19:30:17.193463,1441.93,city_a,zone_1
o_1097,u_189,r_24,2026-02-01T18:35:56.193463,641.48,city_a,zone_3
o_1098,u_39,r_12,2026-02-11T02:52:18.193463,166.23,city_b,zone_2
o_1099,u_111,r_11,2025-09-27T11:01:30.193463,2386.22,city_a,zone_1
o_1100,u_119,r_1,2026-02-09T04:01:44.193463,1571.78,city_a,zone_3
o_1101,u_135,r_16,2026-01-15T15:16:47.193463,2335.47,city_b,zone_3
o_1102,u_9,r_7,2025-09-12T10:22:31.193463,982.2,city_a,zone_2
o_1103,u_150,r_26,2025-09-03T00:04:33.193463,1041.36,city_b,zone_1
o_1104,u_67,r_26,2025-10-13T11:17:45.193463,4691.96,city_b,zone_1
o_1105,u_28,r_6,2025-12-26T18:37:41.193463,415.77,city_a,zone_2
o_1106,u_28,r_12,2025-10-26T13:41:47.193463,389.01,city_b,zone_2
o_1107,u_176,r_15,2025-11-28T00:44:05.193463,730.2,city_a,zone_3
o_1108,u_162,r_12,2025-12-13T00:41:39.193463,667.78,city_b,zone_2
o_1109,u_142,r_9,2025-12-17T00:52:48.193463,2446.73,city_a,zone_3
o_1110,u_82,r_23,2026-02-20T02:00:47.193463,2127.09,city_a,zone_1
o_1111,u_70,r_11,2026-02-17T22:23:58.193463,2876.96,city_a,zone_1
o_1112,u_185,r_28,2025-09-19T01:40:16.193463,495.88,city_a,zone_2
o_1113,u_171,r_11,2025-10-20T01:41:53.193463,3136.56,city_a,zone_1
o_1114,u_9,r_4,2025-12-26T13:37:33.193463,1081.91,city_a,zone_2
o_1115,u_95,r_25,2025-11-19T08:28:15.193463,949.2,city_b,zone_2
o_1116,u_162,r_22,2025-11-11T13:34:24.193463,4896.92,city_a,zone_3
o_1117,u_162,r_20,2026-01-24T18:21:44.193463,3012.89,city_b,zone_1
o_1118,u_1,r_17,2026-02-10T20:22:16.193463,522.65,city_a,zone_3
o_1119,u_126,r_15,2026-01-27T20:16:26.193463,949.98,city_a,zone_3
o_1120,u_35,r_28,2025-10-05T15:53:46.193463,1919.64,city_a,zone_2
o_1121,u_61,r_21,2025-11-19T05:06:30.193463,4065.61,city_a,zone_1
o_1122,u_32,r_7,2025-09-28T18:24:12.193463,678.92,city_a,zone_2
o_1123,u_161,r_6,2025-12-18T08:14:00.193463,442.13,city_a,zone_2
o_1124,u_125,r_4,2026-02-11T17:38:42.193463,769.36,city_a,zone_2
o_1125,u_104,r_13,2025-11-22T10:15:30.193463,2311.41,city_a,zone_2
o_1126,u_14,r_1,2025-11-12T17:11:19.193463,1118.86,city_a,zone_3
o_1127,u_178,r_19,2025-11-04T09:29:03.193463,4826.51,city_a,zone_3
o_1128,u_112,r_14,2025-12-01T07:17:47.193463,4237.83,city_a,zone_2
o_1129,u_40,r_21,2026-02-18T09:37:50.193463,5610.13,city_a,zone_1
o_1130,u_50,r_16,2026-01-09T10:38:36.193463,2446.88,city_b,zone_3
o_1131,u_39,r_2,2025-12-30T07:20:38.193463,310.12,city_a,zone_1
o_1132,u_55,r_18,2026-01-31T08:25:23.193463,256.93,city_a,zone_2
o_1133,u_77,r_5,2026-01-22T18:14:49.193463,878.02,city_b,zone_3
o_1134,u_20,r_27,2025-09-08T15:51:00.193463,2779.78,city_b,zone_3
o_1135,u_155,r_29,2025-10-08T11:13:17.193463,548.2,city_b,zone_3
o_1136,u_65,r_2,2025-10-07T09:13:22.193463,1469.81,city_a,zone_1
o_1137,u_189,r_16,2025-11-29T15:37:50.193463,842.2,city_b,zone_3
o_1138,u_137,r_28,2026-02-20T16:16:08.193463,3142.22,city_a,zone_2
o_1139,u_20,r_0,2025-11-01T09:43:16.193463,1398.14,city_a,zone_1
o_1140,u_32,r_17,2025-10-06T09:50:14.193463,583.23,city_a,zone_3
o_1141,u_115,r_19,2025-09-21T18:19:16.193463,4540.12,city_a,zone_3
o_1142,u_151,r_8,2025-09-23T20:41:44.193463,1926.0,city_a,zone_1
o_1143,u_111,r_29,2025-12-31T00:06:29.193463,1228.8,city_b,zone_3
o_1144,u_15,r_27,2025-10-20T17:54:23.193463,949.03,city_b,zone_3
o_1145,u_135,r_29,2025-11-11T12:19:36.193463,359.02,city_b,zone_3
o_1146,u_154,r_11,2026-02-14T13:20:31.193463,3620.64,city_a,zone_1
o_1147,u_46,r_27,2026-01-02T13:22:50.193463,2497.96,city_b,zone_3
o_1148,u_157,r_25,2025-11-04T08:47:39.193463,1551.2,city_b,zone_2
o_1149,u_170,r_18,2026-02-23T03:52:50.193463,1555.79,city_a,zone_2
o_1150,u_86,r_7,2026-02-09T21:21:47.193463,1120.21,city_a,zone_2
o_1151,u_49,r_15,2025-12-08T02:34:40.193463,320.27,city_a,zone_3
o_1152,u_184,r_26,2026-02-24T18:13:35.193463,5165.12,city_b,zone_1
o_1153,u_157,r_14,2025-09-30T10:39:19.193463,4559.27,city_a,zone_2
o_1154,u_78,r_16,2025-11-15T03:59:22.193463,2357.84,city_b,zone_3
o_1155,u_100,r_3,2026-01-16T02:01:52.193463,2313.65,city_a,zone_2
o_1156,u_179,r_0,2025-10-08T12:56:27.193463,5089.35,city_a,zone_1
o_1157,u_173,r_8,2025-11-18T14:49:28.193463,1417.92,city_a,zone_1
o_1158,u_127,r_5,2025-12-12T13:32:03.193463,924.38,city_b,zone_3
o_1159,u_83,r_17,2025-09-24T04:00:27.193463,107.08,city_a,zone_3
o_1160,u_158,r_12,2026-02-11T16:55:51.193463,537.2,city_b,zone_2
o_1161,u_76,r_10,2025-11-27T18:24:30.193463,1978.36,city_b,zone_2
o_1162,u_116,r_9,2025-11-09T22:05:33.193463,1660.23,city_a,zone_3
o_1163,u_64,r_29,2025-10-08T15:45:30.193463,2915.52,city_b,zone_3
o_1164,u_112,r_4,2025-09-24T13:25:49.193463,1189.72,city_a,zone_2
o_1165,u_30,r_4,2025-09-03T14:22:15.193463,946.5,city_a,zone_2
o_1166,u_131,r_19,2026-01-14T01:36:07.193463,4275.62,city_a,zone_3
o_1167,u_85,r_6,2025-12-16T02:29:16.193463,433.95,city_a,zone_2
o_1168,u_166,r_3,2026-02-21T04:33:16.193463,1248.02,city_a,zone_2
o_1169,u_83,r_7,2025-09-30T21:26:27.193463,289.66,city_a,zone_2
o_1170,u_0,r_14,2026-01-18T22:27:50.193463,3837.61,city_a,zone_2
o_1171,u_146,r_4,2025-11-28T03:07:07.193463,1096.5,city_a,zone_2
o_1172,u_26,r_29,2025-10-15T01:31:54.193463,2249.31,city_b,zone_3
o_1173,u_190,r_16,2025-12-17T08:11:35.193463,4301.21,city_b,zone_3
o_1174,u_8,r_6,2025-09-07T13:30:32.193463,1313.19,city_a,zone_2
o_1175,u_166,r_9,2026-02-18T11:44:29.193463,2102.44,city_a,zone_3
o_1176,u_57,r_11,2025-11-02T18:29:00.193463,1392.82,city_a,zone_1
o_1177,u_66,r_18,2026-01-01T22:53:53.193463,1827.54,city_a,zone_2
o_1178,u_155,r_17,2025-09-22T15:26:59.193463,1054.43,city_a,zone_3
o_1179,u_96,r_14,2025-09-24T22:43:33.193463,4304.83,city_a,zone_2
o_1180,u_149,r_12,2025-11-27T13:20:28.193463,1104.97,city_b,zone_2
o_1181,u_123,r_17,2025-09-29T03:18:35.193463,898.03,city_a,zone_3
o_1182,u_153,r_23,2025-09-06T00:47:10.193463,1900.43,city_a,zone_1
o_1183,u_53,r_20,2025-09-13T00:49:01.193463,5232.3,city_b,zone_1
o_1184,u_41,r_18,2025-09-28T07:18:01.193463,2096.19,city_a,zone_2
o_1185,u_11,r_16,2026-01-16T06:00:46.193463,4157.34,city_b,zone_3
o_1186,u_103,r_17,2025-12-19T04:43:04.193463,499.76,city_a,zone_3
o_1187,u_184,r_13,2026-02-27T06:58:54.193463,1659.99,city_a,zone_2
o_1188,u_189,r_6,2025-10-07T07:48:27.193463,350.33,city_a,zone_2
o_1189,u_151,r_2,2026-01-21T08:21:05.193463,220.6,city_a,zone_1
o_1190,u_191,r_24,2025-10-03T06:34:36.193463,953.04,city_a,zone_3
o_1191,u_110,r_5,2026-01-20T09:44:10.193463,749.45,city_b,zone_3
o_1192,u_161,r_0,2026-02-03T15:31:03.193463,5118.25,city_a,zone_1
o_1193,u_128,r_24,2025-10-28T20:54:04.193463,908.25,city_a,zone_3
o_1194,u_119,r_8,2025-10-09T11:29:48.193463,1891.32,city_a,zone_1
o_1195,u_135,r_15,2026-01-04T07:07:34.193463,1394.34,city_a,zone_3
o_1196,u_34,r_12,2025-10-27T14:04:33.193463,261.57,city_b,zone_2
o_1197,u_161,r_1,2025-11-08T18:37:28.193463,2510.29,city_a,zone_3
o_1198,u_29,r_25,2025-11-11T11:21:12.193463,1811.5,city_b,zone_2
o_1199,u_14,r_0,2025-12-02T05:13:40.193463,3874.74,city_a,zone_1
o_1200,u_195,r_20,2025-11-23T09:53:33.193463,588.74,city_b,zone_1
o_1201,u_117,r_6,2025-11-16T00:08:53.193463,989.47,city_a,zone_2
o_1202,u_61,r_10,2025-12-03T15:27:02.193463,1341.74,city_b,zone_2
o_1203,u_18,r_3,2025-12-08T12:07:06.193463,2826.04,city_a,zone_2
o_1204,u_189,r_26,2025-11-26T10:10:34.193463,2045.82,city_b,zone_1
o_1205,u_39,r_28,2025-09-15T22:13:58.193463,2585.88,city_a,zone_2
o_1206,u_159,r_18,2025-11-22T18:44:17.193463,1496.61,city_a,zone_2
o_1207,u_176,r_3,2025-12-14T18:42:50.193463,2124.39,city_a,zone_2
o_1208,u_140,r_4,2025-09-06T08:57:41.193463,1106.2,city_a,zone_2
o_1209,u_171,r_9,2026-02-02T17:12:37.193463,1186.0,city_a,zone_3
o_1210,u_7,r_21,2026-01-18T10:26:09.193463,4643.02,city_a,zone_1
o_1211,u_111,r_27,2025-09-18T17:20:57.193463,2554.33,city_b,zone_3
o_1212,u_58,r_26,2026-02-14T13:20:08.193463,1380.74,city_b,zone_1
o_1213,u_196,r_17,2025-10-16T07:14:12.193463,1675.26,city_a,zone_3
o_1214,u_198,r_27,2025-10-30T08:06:54.193463,2366.48,city_b,zone_3
o_1215,u_134,r_9,2025-09-07T20:15:31.193463,444.76,city_a,zone_3
o_1216,u_39,r_28,2025-11-13T12:22:33.193463,3065.6,city_a,zone_2
o_1217,u_51,r_11,2025-11-30T11:16:39.193463,2509.93,city_a,zone_1
o_1218,u_36,r_20,2025-09-06T05:26:59.193463,596.97,city_b,zone_1
o_1219,u_166,r_4,2025-12-19T05:36:53.193463,1081.44,city_a,zone_2
o_1220,u_96,r_5,2025-10-07T11:57:39.193463,3253.58,city_b,zone_3
o_1221,u_172,r_14,2025-12-08T09:06:31.193463,312.96,city_a,zone_2
o_1222,u_30,r_3,2025-10-02T08:47:42.193463,444.01,city_a,zone_2
o_1223,u_196,r_1,2025-09-20T18:31:26.193463,1288.92,city_a,zone_3
o_1224,u_134,r_0,2025-12-07T13:26:16.193463,2237.3,city_a,zone_1
o_1225,u_122,r_2,2025-09-25T07:31:40.193463,388.94,city_a,zone_1
o_1226,u_41,r_19,2025-12-04T21:18:00.193463,678.68,city_a,zone_3
o_1227,u_127,r_11,2026-01-28T05:25:24.193463,1088.91,city_a,zone_1
o_1228,u_153,r_1,2025-11-17T04:25:36.193463,2712.29,city_a,zone_3
o_1229,u_148,r_12,2025-12-25T02:11:22.193463,656.43,city_b,zone_2
o_1230,u_152,r_17,2025-12-16T01:26:27.193463,294.62,city_a,zone_3
o_1231,u_67,r_22,2025-12-19T22:48:00.193463,2223.71,city_a,zone_3
o_1232,u_12,r_17,2025-11-05T10:37:45.193463,838.49,city_a,zone_3
o_1233,u_118,r_4,2025-12-29T02:19:33.193463,1118.89,city_a,zone_2
o_1234,u_178,r_5,2025-11-12T00:31:21.193463,2286.74,city_b,zone_3
o_1235,u_4,r_2,2026-02-11T00:35:04.193463,516.25,city_a,zone_1
o_1236,u_160,r_2,2026-01-20T17:43:41.193463,642.12,city_a,zone_1
o_1237,u_137,r_1,2026-02-04T07:24:40.193463,1816.76,city_a,zone_3
o_1238,u_148,r_11,2026-01-22T10:38:27.193463,2628.64,city_a,zone_1
o_1239,u_72,r_19,2025-11-23T00:03:31.193463,4614.15,city_a,zone_3
o_1240,u_189,r_24,2025-10-06T20:02:09.193463,98.09,city_a,zone_3
o_1241,u_134,r_1,2026-01-21T16:16:58.193463,944.24,city_a,zone_3
o_1242,u_156,r_21,2026-01-17T10:04:15.193463,3357.41,city_a,zone_1
o_1243,u_186,r_24,2025-11-25T21:57:57.193463,764.69,city_a,zone_3
o_1244,u_6,r_18,2025-10-12T07:04:19.193463,956.23,city_a,zone_2
o_1245,u_37,r_9,2026-01-07T04:29:48.193463,603.54,city_a,zone_3
o_1246,u_135,r_7,2026-02-03T17:14:48.193463,485.9,city_a,zone_2
o_1247,u_164,r_0,2025-12-28T01:32:19.193463,3043.66,city_a,zone_1
o_1248,u_111,r_10,2025-11-04T05:03:02.193463,3340.59,city_b,zone_2
o_1249,u_182,r_12,2025-11-25T18:20:55.193463,175.08,city_b,zone_2
o_1250,u_53,r_20,2025-11-06T13:24:26.193463,3320.31,city_b,zone_1
o_1251,u_109,r_15,2025-12-28T05:00:12.193463,355.58,city_a,zone_3
o_1252,u_199,r_20,2026-02-20T22:53:41.193463,319.77,city_b,zone_1
o_1253,u_134,r_25,2025-12-23T16:17:14.193463,193.92,city_b,zone_2
o_1254,u_130,r_11,2026-01-24T13:43:56.193463,2428.72,city_a,zone_1
o_1255,u_136,r_29,2026-01-23T01:07:05.193463,1229.12,city_b,zone_3
o_1256,u_31,r_4,2025-10-16T18:48:04.193463,1058.63,city_a,zone_2
o_1257,u_77,r_7,2026-02-10T04:17:15.193463,294.95,city_a,zone_2
o_1258,u_177,r_26,2025-09-08T23:21:09.193463,1532.82,city_b,zone_1
o_1259,u_110,r_22,2025-11-29T19:41:38.193463,1011.34,city_a,zone_3
o_1260,u_48,r_9,2026-01-09T09:38:16.193463,1677.2,city_a,zone_3
o_1261,u_176,r_9,2026-01-01T04:22:42.193463,2184.72,city_a,zone_3
o_1262,u_44,r_27,2026-02-17T03:47:37.193463,2199.66,city_b,zone_3
o_1263,u_199,r_12,2026-01-28T07:51:17.193463,320.38,city_b,zone_2
o_1264,u_90,r_11,2025-12-17T12:24:59.193463,691.9,city_a,zone_1
o_1265,u_132,r_9,2026-01-21T13:48:40.193463,2659.38,city_a,zone_3
o_1266,u_135,r_24,2025-09-21T08:56:40.193463,123.8,city_a,zone_3
o_1267,u_60,r_14,2025-12-10T05:55:53.193463,2970.88,city_a,zone_2
o_1268,u_88,r_24,2026-01-16T12:21:11.193463,1212.15,city_a,zone_3
o_1269,u_55,r_17,2026-01-14T07:10:56.193463,338.62,city_a,zone_3
o_1270,u_58,r_4,2025-10-21T07:03:03.193463,217.32,city_a,zone_2
o_1271,u_15,r_22,2026-01-30T22:21:54.193463,2913.52,city_a,zone_3
o_1272,u_123,r_4,2026-02-06T21:55:52.193463,905.46,city_a,zone_2
o_1273,u_147,r_19,2026-01-04T04:57:34.193463,3844.88,city_a,zone_3
o_1274,u_181,r_19,2025-10-23T23:03:03.193463,4579.78,city_a,zone_3
o_1275,u_174,r_24,2026-01-09T01:36:27.193463,1151.14,city_a,zone_3
o_1276,u_7,r_17,2025-10-01T13:18:08.193463,710.83,city_a,zone_3
o_1277,u_63,r_15,2025-09-24T19:53:35.193463,1256.86,city_a,zone_3
o_1278,u_148,r_18,2025-12-04T19:21:11.193463,1574.28,city_a,zone_2
o_1279,u_181,r_8,2026-02-17T03:50:35.193463,1151.34,city_a,zone_1
o_1280,u_144,r_10,2025-12-21T20:54:46.193463,825.56,city_b,zone_2
o_1281,u_115,r_17,2026-02-10T17:04:27.193463,727.26,city_a,zone_3
o_1282,u_66,r_25,2025-09-08T07:21:26.193463,519.88,city_b,zone_2
o_1283,u_90,r_25,2026-01-26T07:11:47.193463,625.22,city_b,zone_2
o_1284,u_16,r_1,2025-12-28T05:52:18.193463,1696.51,city_a,zone_3
o_1285,u_3,r_14,2025-11-13T16:31:16.193463,2513.48,city_a,zone_2
o_1286,u_53,r_0,2026-02-28T10:48:05.193463,2835.5,city_a,zone_1
o_1287,u_138,r_23,2025-09-20T14:27:41.193463,2587.67,city_a,zone_1
o_1288,u_135,r_15,2025-11-09T14:37:02.193463,712.22,city_a,zone_3
o_1289,u_23,r_7,2026-01-10T23:23:04.193463,1442.59,city_a,zone_2
o_1290,u_98,r_9,2025-10-12T21:13:01.193463,2188.08,city_a,zone_3
o_1291,u_38,r_1,2025-10-01T08:25:17.193463,1320.72,city_a,zone_3
o_1292,u_74,r_8,2025-09-15T20:33:24.193463,2123.98,city_a,zone_1
o_1293,u_37,r_29,2025-12-11T04:24:44.193463,1989.37,city_b,zone_3
o_1294,u_11,r_14,2025-11-02T17:46:31.193463,505.4,city_a,zone_2
o_1295,u_57,r_6,2025-09-26T19:15:39.193463,341.66,city_a,zone_2
o_1296,u_13,r_26,2025-09-27T16:15:29.193463,1474.8,city_b,zone_1
o_1297,u_183,r_20,2025-09-10T16:32:59.193463,4898.37,city_b,zone_1
o_1298,u_66,r_1,2026-02-13T04:41:27.193463,554.0,city_a,zone_3
o_1299,u_128,r_14,2025-10-06T07:16:16.193463,1674.06,city_a,zone_2
o_1300,u_36,r_19,2025-10-20T17:46:13.193463,2260.18,city_a,zone_3
o_1301,u_123,r_17,2025-09-03T13:11:37.193463,462.72,city_a,zone_3
o_1302,u_152,r_15,2025-10-14T08:53:14.193463,270.89,city_a,zone_3
o_1303,u_91,r_18,2025-11-27T20:45:21.193463,1215.92,city_a,zone_2
o_1304,u_33,r_23,2025-10-12T18:23:50.193463,2813.15,city_a,zone_1
o_1305,u_162,r_8,2025-12-28T15:04:28.193463,4984.16,city_a,zone_1
o_1306,u_159,r_10,2025-11-15T14:45:55.193463,2099.12,city_b,zone_2
o_1307,u_151,r_29,2025-09-06T21:56:15.193463,1311.96,city_b,zone_3
o_1308,u_138,r_17,2025-10-25T04:37:32.193463,636.84,city_a,zone_3
o_1309,u_5,r_23,2026-02-14T04:37:10.193463,377.14,city_a,zone_1
o_1310,u_75,r_26,2025-09-12T06:01:27.193463,1066.43,city_b,zone_1
o_1311,u_194,r_28,2025-10-21T13:20:06.193463,703.2,city_a,zone_2
o_1312,u_156,r_4,2025-10-01T20:57:18.193463,766.25,city_a,zone_2
o_1313,u_196,r_23,2025-11-02T10:34:53.193463,515.39,city_a,zone_1
o_1314,u_120,r_0,2025-12-23T02:58:46.193463,5121.34,city_a,zone_1
o_1315,u_55,r_13,2026-02-08T15:16:27.193463,709.42,city_a,zone_2
o_1316,u_30,r_23,2025-10-02T14:08:54.193463,1648.27,city_a,zone_1
o_1317,u_177,r_4,2025-10-05T08:42:37.193463,224.12,city_a,zone_2
o_1318,u_111,r_2,2026-02-14T07:34:37.193463,533.55,city_a,zone_1
o_1319,u_128,r_5,2025-10-20T15:53:14.193463,1868.12,city_b,zone_3
o_1320,u_185,r_22,2025-09-03T01:06:00.193463,3026.7,city_a,zone_3
o_1321,u_0,r_28,2026-02-02T15:14:47.193463,3603.64,city_a,zone_2
o_1322,u_6,r_1,2026-02-13T10:10:51.193463,1355.02,city_a,zone_3
o_1323,u_145,r_26,2025-09-07T13:41:51.193463,2154.11,city_b,zone_1
o_1324,u_51,r_20,2025-11-29T07:18:08.193463,4214.07,city_b,zone_1
o_1325,u_50,r_23,2025-11-19T11:01:03.193463,1653.17,city_a,zone_1
o_1326,u_57,r_15,2025-10-01T04:40:54.193463,1391.14,city_a,zone_3
o_1327,u_12,r_7,2025-09-10T19:17:07.193463,692.73,city_a,zone_2
o_1328,u_161,r_18,2025-10-01T06:33:11.193463,2096.09,city_a,zone_2
o_1329,u_54,r_13,2025-10-28T06:17:05.193463,1274.48,city_a,zone_2
o_1330,u_125,r_0,2026-01-10T07:42:15.193463,4894.53,city_a,zone_1
o_1331,u_161,r_24,2025-12-31T17:16:15.193463,894.21,city_a,zone_3
o_1332,u_34,r_2,2025-10-10T16:49:59.193463,865.25,city_a,zone_1
o_1333,u_39,r_10,2025-10-04T15:53:14.193463,623.06,city_b,zone_2
o_1334,u_28,r_21,2026-02-02T18:10:13.193463,533.0,city_a,zone_1
o_1335,u_133,r_9,2026-02-27T15:15:42.193463,535.24,city_a,zone_3
o_1336,u_99,r_14,2026-02-07T13:10:35.193463,3527.02,city_a,zone_2
o_1337,u_179,r_3,2026-01-10T14:22:38.193463,4014.24,city_a,zone_2
o_1338,u_8,r_6,2025-12-26T19:54:59.193463,506.51,city_a,zone_2
o_1339,u_188,r_11,2025-12-02T02:26:40.193463,1362.45,city_a,zone_1
o_1340,u_197,r_21,2025-11-23T08:28:05.193463,3753.99,city_a,zone_1
o_1341,u_96,r_18,2025-11-20T18:10:27.193463,1740.35,city_a,zone_2
o_1342,u_174,r_11,2025-10-18T16:47:14.193463,3420.93,city_a,zone_1
o_1343,u_160,r_14,2025-12-30T11:54:11.193463,2252.0,city_a,zone_2
o_1344,u_95,r_4,2026-02-15T14:37:18.193463,128.96,city_a,zone_2
o_1345,u_97,r_27,2025-09-18T22:01:17.193463,2107.75,city_b,zone_3
o_1346,u_180,r_25,2025-10-29T12:33:28.193463,470.69,city_b,zone_2
o_1347,u_97,r_27,2025-09-22T08:19:41.193463,189.5,city_b,zone_3
o_1348,u_169,r_21,2025-12-31T05:34:07.193463,593.79,city_a,zone_1
o_1349,u_112,r_21,2026-02-24T03:00:45.193463,4080.93,city_a,zone_1
o_1350,u_74,r_22,2025-12-01T17:04:21.193463,3442.81,city_a,zone_3
o_1351,u_166,r_27,2026-01-15T20:56:15.193463,2354.7,city_b,zone_3
o_1352,u_94,r_20,2026-01-10T07:24:11.193463,2053.01,city_b,zone_1
o_1353,u_66,r_11,2025-09-18T08:42:23.193463,799.99,city_a,zone_1
o_1354,u_142,r_25,2025-09-23T20:13:39.193463,488.89,city_b,zone_2
o_1355,u_63,r_25,2025-11-26T11:14:07.193463,876.42,city_b,zone_2
o_1356,u_172,r_21,2025-10-10T02:49:46.193463,1557.71,city_a,zone_1
o_1357,u_87,r_0,2026-02-07T17:02:24.193463,4402.86,city_a,zone_1
o_1358,u_23,r_11,2026-02-27T16:56:08.193463,4331.92,city_a,zone_1
o_1359,u_97,r_22,2026-02-21T15:11:16.193463,2064.97,city_a,zone_3
o_1360,u_100,r_29,2026-01-20T21:31:36.193463,729.18,city_b,zone_3
o_1361,u_65,r_8,2026-01-19T01:37:48.193463,2516.13,city_a,zone_1
o_1362,u_91,r_5,2025-10-13T22:02:49.193463,2586.84,city_b,zone_3
o_1363,u_94,r_4,2025-11-26T09:23:04.193463,1161.03,city_a,zone_2
o_1364,u_125,r_4,2025-12-01T22:41:43.193463,1167.16,city_a,zone_2
o_1365,u_183,r_18,2025-10-24T11:07:22.193463,368.07,city_a,zone_2
o_1366,u_155,r_23,2025-10-16T00:05:43.193463,1378.28,city_a,zone_1
o_1367,u_122,r_15,2025-09-06T02:35:37.193463,1334.06,city_a,zone_3
o_1368,u_22,r_8,2025-12-17T18:36:24.193463,4386.97,city_a,zone_1
o_1369,u_119,r_1,2026-01-08T14:24:01.193463,1154.06,city_a,zone_3
o_1370,u_158,r_3,2025-11-12T02:48:43.193463,1195.04,city_a,zone_2
o_1371,u_98,r_16,2025-12-17T05:49:13.193463,2941.92,city_b,zone_3
o_1372,u_199,r_20,2025-09-26T12:22:30.193463,4213.21,city_b,zone_1
o_1373,u_95,r_20,2026-02-06T13:27:55.193463,1638.36,city_b,zone_1
o_1374,u_78,r_14,2025-10-04T10:45:51.193463,1543.72,city_a,zone_2
o_1375,u_1,r_23,2026-03-01T11:54:25.193463,2281.54,city_a,zone_1
o_1376,u_47,r_6,2026-01-25T12:45:16.193463,435.56,city_a,zone_2
o_1377,u_179,r_19,2026-01-05T16:49:21.193463,1150.11,city_a,zone_3
o_1378,u_3,r_3,2025-12-22T19:11:52.193463,2212.36,city_a,zone_2
o_1379,u_20,r_7,2026-02-17T07:40:16.193463,649.18,city_a,zone_2
o_1380,u_166,r_12,2025-09-26T04:31:03.193463,1198.62,city_b,zone_2
o_1381,u_45,r_19,2026-01-10T00:43:51.193463,2120.62,city_a,zone_3
o_1382,u_18,r_19,2025-11-07T22:40:07.193463,2791.26,city_a,zone_3
o_1383,u_178,r_16,2025-09-08T00:17:07.193463,2079.11,city_b,zone_3
o_1384,u_24,r_27,2025-09-24T22:47:24.193463,726.22,city_b,zone_3
o_1385,u_82,r_17,2025-11-03T17:52:05.193463,147.26,city_a,zone_3
o_1386,u_59,r_2,2025-12-24T23:48:29.193463,131.46,city_a,zone_1
o_1387,u_82,r_7,2025-10-26T15:04:51.193463,874.31,city_a,zone_2
o_1388,u_179,r_26,2025-11-02T11:57:03.193463,2907.02,city_b,zone_1
o_1389,u_47,r_11,2025-09-23T16:17:09.193463,4522.21,city_a,zone_1
o_1390,u_28,r_22,2025-09-18T20:37:01.193463,1827.27,city_a,zone_3
o_1391,u_55,r_8,2026-01-22T10:38:34.193463,4020.44,city_a,zone_1
o_1392,u_180,r_20,2025-12-31T00:25:02.193463,5460.32,city_b,zone_1
o_1393,u_46,r_2,2025-10-22T10:48:39.193463,1361.27,city_a,zone_1
o_1394,u_2,r_2,2025-10-17T18:17:36.193463,331.56,city_a,zone_1
o_1395,u_199,r_16,2025-10-15T07:00:50.193463,1727.96,city_b,zone_3
o_1396,u_159,r_21,2025-09-23T16:52:05.193463,2109.28,city_a,zone_1
o_1397,u_90,r_11,2025-11-05T01:33:28.193463,3778.49,city_a,zone_1
o_1398,u_31,r_15,2025-10-09T10:34:29.193463,1370.72,city_a,zone_3
o_1399,u_173,r_29,2026-02-01T15:59:01.193463,317.68,city_b,zone_3
o_1400,u_188,r_4,2025-10-12T12:23:26.193463,595.18,city_a,zone_2
o_1401,u_153,r_11,2025-12-03T19:51:29.193463,4767.65,city_a,zone_1
o_1402,u_5,r_0,2025-10-25T07:02:21.193463,1073.53,city_a,zone_1
o_1403,u_75,r_23,2025-09-06T06:19:59.193463,690.94,city_a,zone_1
o_1404,u_183,r_12,2025-09-24T06:14:48.193463,584.84,city_b,zone_2
o_1405,u_86,r_29,2025-09-06T21:01:51.193463,337.44,city_b,zone_3
o_1406,u_132,r_26,2026-02-24T11:01:34.193463,2523.86,city_b,zone_1
o_1407,u_77,r_14,2025-09-06T17:37:51.193463,2475.05,city_a,zone_2
o_1408,u_40,r_11,2025-09-23T23:55:02.193463,5322.17,city_a,zone_1
o_1409,u_116,r_8,2025-11-04T23:42:35.193463,1556.62,city_a,zone_1
o_1410,u_149,r_9,2025-12-03T11:14:09.193463,1200.98,city_a,zone_3
o_1411,u_48,r_21,2025-12-21T03:33:59.193463,468.78,city_a,zone_1
o_1412,u_14,r_1,2025-12-21T16:15:34.193463,610.6,city_a,zone_3
o_1413,u_104,r_19,2025-12-02T15:11:31.193463,2730.82,city_a,zone_3
o_1414,u_39,r_20,2025-09-21T17:48:38.193463,1475.2,city_b,zone_1
o_1415,u_172,r_2,2026-02-28T05:33:58.193463,973.37,city_a,zone_1
o_1416,u_57,r_0,2026-02-06T07:56:15.193463,2059.02,city_a,zone_1
o_1417,u_161,r_7,2026-03-01T18:57:51.193463,870.03,city_a,zone_2
o_1418,u_23,r_21,2025-11-24T20:53:05.193463,5467.06,city_a,zone_1
o_1419,u_168,r_23,2026-01-24T03:18:38.193463,288.26,city_a,zone_1
o_1420,u_161,r_16,2026-02-10T13:49:13.193463,703.71,city_b,zone_3
o_1421,u_133,r_10,2025-09-14T19:59:27.193463,2087.1,city_b,zone_2
o_1422,u_169,r_9,2025-12-03T22:10:12.193463,1027.08,city_a,zone_3
o_1423,u_24,r_1,2026-01-29T08:52:19.193463,570.47,city_a,zone_3
o_1424,u_34,r_24,2025-09-23T23:47:37.193463,882.72,city_a,zone_3
o_1425,u_11,r_24,2025-11-24T10:32:30.193463,544.62,city_a,zone_3
o_1426,u_72,r_9,2025-12-29T15:54:13.193463,358.77,city_a,zone_3
o_1427,u_96,r_29,2025-11-14T20:30:23.193463,2022.01,city_b,zone_3
o_1428,u_117,r_1,2025-09-13T04:38:29.193463,1563.9,city_a,zone_3
o_1429,u_163,r_23,2025-10-23T08:31:23.193463,831.79,city_a,zone_1
o_1430,u_11,r_26,2026-02-15T00:51:25.193463,1059.24,city_b,zone_1
o_1431,u_189,r_27,2026-01-02T06:23:37.193463,1743.28,city_b,zone_3
o_1432,u_14,r_6,2025-09-08T18:03:08.193463,154.35,city_a,zone_2
o_1433,u_103,r_29,2026-01-31T11:36:27.193463,1866.4,city_b,zone_3
o_1434,u_165,r_27,2025-09-14T01:13:15.193463,2486.97,city_b,zone_3
o_1435,u_176,r_4,2025-12-28T12:15:13.193463,1211.26,city_a,zone_2
o_1436,u_123,r_7,2025-12-10T09:53:20.193463,839.84,city_a,zone_2
o_1437,u_68,r_0,2025-11-08T23:53:08.193463,5138.27,city_a,zone_1
o_1438,u_5,r_3,2025-12-11T07:02:30.193463,2409.76,city_a,zone_2
o_1439,u_56,r_6,2025-11-02T03:43:18.193463,540.85,city_a,zone_2
o_1440,u_118,r_0,2025-09-13T05:35:49.193463,2547.11,city_a,zone_1
o_1441,u_121,r_28,2025-09-15T11:05:15.193463,991.76,city_a,zone_2
o_1442,u_94,r_2,2025-09-26T16:54:07.193463,944.04,city_a,zone_1
o_1443,u_25,r_17,2026-02-20T21:38:27.193463,478.56,city_a,zone_3
o_1444,u_2,r_23,2025-11-19T13:12:20.193463,515.47,city_a,zone_1
o_1445,u_64,r_13,2026-01-21T21:47:05.193463,1103.0,city_a,zone_2
o_1446,u_170,r_10,2025-09-06T22:56:26.193463,1111.42,city_b,zone_2
o_1447,u_136,r_21,2025-10-14T11:09:16.193463,908.42,city_a,zone_1
o_1448,u_132,r_23,2025-09-18T21:21:35.193463,2263.65,city_a,zone_1
o_1449,u_95,r_24,2026-02-18T03:33:17.193463,106.64,city_a,zone_3
o_1450,u_175,r_11,2026-02-03T01:50:43.193463,1666.42,city_a,zone_1
o_1451,u_187,r_2,2025-10-10T03:41:04.193463,1528.77,city_a,zone_1
o_1452,u_54,r_2,2025-10-19T19:38:08.193463,1149.57,city_a,zone_1
o_1453,u_98,r_21,2026-02-15T13:32:05.193463,1622.01,city_a,zone_1
o_1454,u_152,r_27,2026-02-10T19:38:13.193463,2072.32,city_b,zone_3
o_1455,u_52,r_11,2025-12-14T02:45:03.193463,2273.65,city_a,zone_1
o_1456,u_159,r_10,2025-09-29T02:12:28.193463,1665.49,city_b,zone_2
o_1457,u_71,r_7,2026-01-28T04:49:13.193463,756.48,city_a,zone_2
o_1458,u_69,r_27,2026-02-26T22:22:36.193463,527.76,city_b,zone_3
o_1459,u_192,r_13,2025-11-06T21:43:24.193463,1377.95,city_a,zone_2
o_1460,u_138,r_19,2025-10-24T04:13:52.193463,5084.15,city_a,zone_3
o_1461,u_86,r_22,2025-12-29T03:50:02.193463,505.67,city_a,zone_3
o_1462,u_1,r_14,2025-09-24T01:44:03.193463,3896.66,city_a,zone_2
o_1463,u_42,r_24,2025-10-06T01:29:05.193463,1115.89,city_a,zone_3
o_1464,u_90,r_7,2025-10-22T11:30:02.193463,212.14,city_a,zone_2
o_1465,u_13,r_8,2025-12-12T20:18:48.193463,5119.92,city_a,zone_1
o_1466,u_73,r_29,2026-02-03T11:30:21.193463,1657.52,city_b,zone_3
o_1467,u_129,r_2,2025-11-19T04:27:06.193463,1133.39,city_a,zone_1
o_1468,u_29,r_23,2026-01-29T23:40:42.193463,1098.28,city_a,zone_1
o_1469,u_65,r_9,2026-02-08T15:46:38.193463,1610.51,city_a,zone_3
o_1470,u_155,r_6,2025-12-13T18:44:18.193463,492.09,city_a,zone_2
o_1471,u_131,r_6,2026-02-04T01:51:25.193463,1153.44,city_a,zone_2
o_1472,u_177,r_10,2025-10-18T07:46:12.193463,3042.53,city_b,zone_2
o_1473,u_149,r_27,2025-12-23T09:52:10.193463,956.02,city_b,zone_3
o_1474,u_156,r_26,2025-11-20T03:52:07.193463,4831.96,city_b,zone_1
o_1475,u_196,r_25,2025-10-01T11:10:48.193463,624.9,city_b,zone_2
o_1476,u_90,r_28,2026-02-22T20:38:37.193463,930.97,city_a,zone_2
o_1477,u_182,r_14,2026-02-01T11:57:09.193463,1935.46,city_a,zone_2
o_1478,u_32,r_12,2026-01-01T18:10:24.193463,1116.8,city_b,zone_2
o_1479,u_199,r_27,2025-12-20T23:57:06.193463,1922.01,city_b,zone_3
o_1480,u_47,r_25,2025-09-30T14:19:20.193463,1527.35,city_b,zone_2
o_1481,u_103,r_7,2025-11-08T20:55:39.193463,845.16,city_a,zone_2
o_1482,u_72,r_17,2026-02-06T16:24:14.193463,1200.36,city_a,zone_3
o_1483,u_6,r_21,2026-02-14T22:36:47.193463,4574.19,city_a,zone_1
o_1484,u_75,r_12,2026-02-26T02:56:03.193463,752.46,city_b,zone_2
o_1485,u_14,r_8,2026-02-08T01:24:18.193463,4071.46,city_a,zone_1
o_1486,u_184,r_11,2026-02-16T12:14:14.193463,5425.06,city_a,zone_1
o_1487,u_38,r_28,2026-01-04T17:24:24.193463,3194.97,city_a,zone_2
o_1488,u_69,r_5,2025-11-17T19:23:56.193463,1986.08,city_b,zone_3
o_1489,u_37,r_14,2026-01-29T02:06:32.193463,2182.19,city_a,zone_2
o_1490,u_68,r_2,2026-03-01T04:20:22.193463,85.46,city_a,zone_1
o_1491,u_157,r_21,2026-01-30T06:45:18.193463,2892.52,city_a,zone_1
o_1492,u_119,r_24,2025-10-12T06:55:19.193463,693.61,city_a,zone_3
o_1493,u_9,r_23,2026-02-27T18:27:20.193463,1220.31,city_a,zone_1
o_1494,u_123,r_4,2025-09-18T04:42:19.193463,692.14,city_a,zone_2
o_1495,u_165,r_26,2025-12-08T04:46:53.193463,3095.11,city_b,zone_1
o_1496,u_131,r_13,2025-12-26T23:56:04.193463,259.93,city_a,zone_2
o_1497,u_144,r_17,2025-09-12T05:07:30.193463,587.64,city_a,zone_3
o_1498,u_111,r_28,2025-11-25T15:46:41.193463,2197.63,city_a,zone_2
o_1499,u_64,r_3,2026-02-11T11:49:51.193463,1195.04,city_a,zone_2
